Category,URL,brand,name,price,skin_concern,rating,Combination,Dry,Normal,Oily,Sensitive
cleanser-and-exfoliator,https://www.sephora.my/products/origins-go-go-ginzing-skincare-trio-to-cleanse-hydrate-and-brighten-limited-edition,ORIGINS,"Go Go Ginzing™ Skincare Trio To Cleanse, Hydrate & Brighten (Limited Edition)",130,"Dark Circles, Dryness, Dullness, Puffiness",0.0,1,1,1,1,0
cleanser-and-exfoliator,https://www.sephora.my/products/gallinee-face-mask-and-scrub/v/30ml,GALLINÉE,Face Mask & Scrub,45,"Dryness, Dullness, Uneven Skin Tone",4.5,1,1,1,1,1
cleanser-and-exfoliator,https://www.sephora.my/products/the-inkey-list-oat-cleansing-balm,THE INKEY LIST,Oat Cleansing Balm • 150ml,46,Balm,4.0,1,1,1,1,0
cleanser-and-exfoliator,https://www.sephora.my/products/fresh-soy-face-cleanser/v/150ml,FRESH,Soy Face Cleanser,177,"Dryness, Ageing, Dullness, Firmness & Elasticity",4.5,1,1,1,1,1
cleanser-and-exfoliator,https://www.sephora.my/products/origins-best-of-the-season-skincare-set-to-cleanse-prep-and-hydrate-limited-edition,ORIGINS,"Best Of The Season Skincare Set To Cleanse, Prep & Hydrate (Limited Edition)",65,"Dryness, Dullness, Oiliness",3.5,1,1,1,1,0
cleanser-and-exfoliator,https://www.sephora.my/products/mario-badescu-strawberry-face-scrub,MARIO BADESCU,Strawberry Face Scrub,70,"Dullness, Firmness & Elasticity, Oiliness",3.5,1,1,1,1,0
cleanser-and-exfoliator,https://www.sephora.my/products/kopari-coconut-crush-scrub/v/300ml,KOPARI,Coconut Crush Scrub,187,"Dryness, Dullness, Uneven Skin Texture, Uneven Skin Tone",4.0,1,1,1,1,0
cleanser-and-exfoliator,https://www.sephora.my/products/laneige-moist-cream-cleanser/v/150ml,LANEIGE,Moist Cream Cleanser,100,Dryness,4.5,1,1,1,1,0
cleanser-and-exfoliator,https://www.sephora.my/products/burts-bees-soap-bark-and-chamomile-deep-cleansing-cream,BURT'S BEES,Soap Bark & Chamomile Deep Cleansing Cream • 170g,91,"Dryness, Dullness, Oiliness",4.0,1,1,1,1,1
cleanser-and-exfoliator,https://www.sephora.my/products/tarte-micellar-magic-makeup-remover-and-cleanser,"SEPHORA EXCLUSIVE
TARTE",Micellar Magic Makeup Remover & Cleanser • 45ml,45,Dryness,3.5,1,1,1,1,0
cleanser-and-exfoliator,https://www.sephora.my/products/sk-ii-facial-treatment-gentle-cleanser,SK-II,Facial Treatment Gentle Cleanser • 120g,249,"Blackheads, Dryness, Dullness, Uneven Skin Texture",4.5,1,1,1,1,0
cleanser-and-exfoliator,https://www.sephora.my/products/glow-recipe-glowing-skin-trio-skincare-kit-limited-edition,GLOW RECIPE,Glowing Skin Trio Skincare Kit (Limited Edition),185,"Dryness, Dullness, Fine Lines & Wrinkles, Visible Pores",4.5,1,1,1,1,0
cleanser-and-exfoliator,https://www.sephora.my/products/dr-dot-jart-plus-dermaclear-micro-ph-foam-facial-cleanser/v/120ml,DR.JART+,Dermaclear Micro pH Foam Facial Cleanser,90,"Acne & Blemishes, Dryness",4.5,1,1,0,1,1
cleanser-and-exfoliator,https://www.sephora.my/products/dr-dennis-gross-alpha-beta-r-pore-perfecting-cleansing-gel/v/225ml,DR. DENNIS GROSS,Alpha Beta® Pore Perfecting Cleansing Gel,165,"Dryness, Dullness, Visible Pores",4.5,1,1,1,1,1
cleanser-and-exfoliator,https://www.sephora.my/products/mario-badescu-acne-facial-cleanser,MARIO BADESCU,Acne Facial Cleanser,85,Acne & Blemishes,4.0,1,0,0,1,0
cleanser-and-exfoliator,https://www.sephora.my/products/dr-dennis-gross-alpha-beta-pore-perfectors-skincare-kit,DR. DENNIS GROSS,Alpha Beta Pore Perfectors Skincare Kit,420,"Dullness, Firmness & Elasticity, Visible Pores",0.0,1,1,1,1,0
cleanser-and-exfoliator,https://www.sephora.my/products/clinique-liquid-facial-soap-mild,CLINIQUE,Liquid Facial Soap (Mild),100,"Dryness, Oiliness",4.5,1,0,1,0,1
cleanser-and-exfoliator,https://www.sephora.my/products/sephora-collection-all-over-face-and-body-solid-cleanser/v/coconut-milk,SEPHORA COLLECTION,All-Over Face & Body Solid Cleanser • 75g,29,Dryness,4.5,1,1,1,1,0
cleanser-and-exfoliator,https://www.sephora.my/products/sephora-collection-original-cleansing-face-wipes/v/watermelon,SEPHORA COLLECTION,Original Cleansing Face Wipes • 25 wipes,29,"Dryness, Uneven Skin Texture",4.0,1,1,1,1,1
cleanser-and-exfoliator,https://www.sephora.my/products/sephora-collection-cleansing-face-wipes-mini/v/watermelon,SEPHORA COLLECTION,Cleansing Face Wipes (Mini),16,"Dryness, Uneven Skin Texture",4.0,1,1,1,1,1
cleanser-and-exfoliator,https://www.sephora.my/products/clinique-clarifying-lotion-2-dry-combination-skin/v/200-ml,CLINIQUE,Clarifying Lotion 2 - Dry Combination Skin,100,"Dryness, Dullness, Fine Lines & Wrinkles, Oiliness",4.5,1,1,1,1,1
cleanser-and-exfoliator,https://www.sephora.my/products/philosophy-purity-made-simple-one-step-facial-cleanser,PHILOSOPHY,Purity Made Simple One-Step Facial Cleanser,97,"Dryness, Uneven Skin Tone, Visible Pores",4.5,1,1,1,1,1
cleanser-and-exfoliator,https://www.sephora.my/products/indie-lee-brightening-cleanser/v/default,INDIE LEE,Brightening Cleanser,143,"Ageing, Dryness, Dullness, Pigmentation & Dark Spots, Uneven Skin Texture, Uneven Skin Tone, Visible Pores",4.5,1,1,1,1,1
cleanser-and-exfoliator,https://www.sephora.my/products/kopari-tropical-glow-cleanser,KOPARI,Tropical Glow Cleanser • 133ml,127,"Dryness, Dullness",4.0,1,1,1,1,0
cleanser-and-exfoliator,https://www.sephora.my/products/clinique-clarifying-lotion-3-oily-combination-skin/v/200ml,CLINIQUE,Clarifying Lotion 3 - Combination Oily Skin,100,"Dryness, Dullness, Fine Lines & Wrinkles, Oiliness",4.5,1,1,1,1,1
cleanser-and-exfoliator,https://www.sephora.my/products/laneige-multi-deep-clean-cleanser-c6034a49-dee0-4b2f-a512-759e681c582e,LANEIGE,Multi Deep Clean Cleanser • 50ml,100,Dullness,5.0,1,1,1,1,1
cleanser-and-exfoliator,https://www.sephora.my/products/caudalie-gentle-cleansing-milk,CAUDALIE,Gentle Cleansing Milk,99,Dullness,4.0,1,1,1,1,1
cleanser-and-exfoliator,https://www.sephora.my/products/origins-checks-and-balances-frothy-face-wash-combi-skin,ORIGINS,Checks and Balances™ Frothy Face Wash,115,"Dryness, Oiliness",4.5,1,1,1,1,0
cleanser-and-exfoliator,https://www.sephora.my/products/caudalie-vinopure-purifying-gel-cleanser,CAUDALIE,Vinopure Purifying Gel Cleanser • 150ml,99,"Acne & Blemishes, Dullness, Oiliness",4.5,1,1,1,1,0
cleanser-and-exfoliator,https://www.sephora.my/products/fresh-sugar-strawberry-exfoliating-face-wash/v/125ml,FRESH,Sugar Strawberry Exfoliating Face Wash,158,"Dryness, Dullness, Uneven Skin Texture, Uneven Skin Tone, Visible Pores",4.0,1,1,1,1,1
cleanser-and-exfoliator,https://www.sephora.my/products/origins-detox-with-delight-cleansing-purifying-and-spot-fighting-skincare-trio-limited-edition,ORIGINS,"Detox With Delight Cleansing, Purifying & Spot-Fighting Skincare Trio (Limited Edition)",95,"Skin Concerns: Acne & Blemishes, Dullness, Oiliness",0.0,1,1,1,1,0
cleanser-and-exfoliator,https://www.sephora.my/products/farmacy-green-clean-makeup-meltaway-cleansing-balm,FARMACY,Green Clean Makeup Meltaway Cleansing Balm • 100ml,158,Dryness,4.5,1,1,1,1,0
cleanser-and-exfoliator,https://www.sephora.my/products/estee-lauder-perfectly-clean-multi-action-foam-cleanser-slash-purifying-mask/v/150ml,ESTÉE LAUDER,Perfectly Clean Multi-Action Foam Cleanser/Purifying Mask,160,Dullness,4.5,1,1,1,1,0
cleanser-and-exfoliator,https://www.sephora.my/products/sephora-collection-mini-cleansing-face-wipes/v/coconut,SEPHORA COLLECTION,Mini Cleansing Face Wipes • 10 wipes,18,"Dryness, Dullness",0.0,1,1,1,1,1
cleanser-and-exfoliator,https://www.sephora.my/products/clinique-liquid-facial-soap-oily-skin-200ml,CLINIQUE,Liquid Facial Soap (Oily Skin),100,Dryness,4.0,1,0,0,1,0
cleanser-and-exfoliator,https://www.sephora.my/products/pixi-overnight-glow-serum,PIXI,Overnight Glow Serum,120,"Dullness, Uneven Skin Tone",4.0,1,1,1,1,0
cleanser-and-exfoliator,https://www.sephora.my/products/sephora-collection-clean-skin-gel,SEPHORA COLLECTION,Clean Skin Gel • 125ml,55,Dryness,4.0,1,1,1,1,0
cleanser-and-exfoliator,https://www.sephora.my/products/fresh-soy-face-cleansing-milk-200ml,FRESH,Soy Face Cleansing Milk 200ml,177,"Ageing, Dryness, Firmness & Elasticity",4.0,1,1,1,1,1
cleanser-and-exfoliator,https://www.sephora.my/products/sephora-collection-original-exfoliating-face-wipes/v/grapefruit,SEPHORA COLLECTION,Original Exfoliating Face Wipes,29,"Dullness, Uneven Skin Tone",4.5,1,1,1,1,0
cleanser-and-exfoliator,https://www.sephora.my/products/burts-bees-sensitive-facial-cleansing-towelettes,BURT'S BEES,Sensitive Facial Cleansing Towelettes,53,Oiliness,3.0,0,0,0,0,1
cleanser-and-exfoliator,https://www.sephora.my/products/fresh-sugar-face-polish/v/30ml,FRESH,Sugar Face Polish,107,"Dryness, Dullness, Uneven Skin Texture",4.5,1,1,1,1,1
cleanser-and-exfoliator,https://www.sephora.my/products/indie-lee-purifying-face-wash/v/125ml,INDIE LEE,Purifying Face Wash,143,"Acne & Blemishes, Oiliness, Uneven Skin Tone",4.5,1,1,1,1,1
cleanser-and-exfoliator,https://www.sephora.my/products/caudalie-moisturizing-toning-lotion/v/200ml,CAUDALIE,Moisturizing Toning Lotion,99,Dryness,4.0,1,1,1,1,1
cleanser-and-exfoliator,https://www.sephora.my/products/tatcha-the-deep-cleanse/v/150ml,TATCHA,The Deep Cleanse,170,"Dullness, Oiliness, Uneven Skin Texture, Visible Pores",4.0,1,1,1,1,1
cleanser-and-exfoliator,https://www.sephora.my/products/drunk-elephant-beste-no-9-jelly-cleanser,"SEPHORA EXCLUSIVE
DRUNK ELEPHANT",Beste™ No. 9 Jelly Cleanser,138,Dryness,4.0,1,1,1,1,1
cleanser-and-exfoliator,https://www.sephora.my/products/fresh-rose-cleansing-foam,FRESH,Rose Cleansing Foam,133,"Ageing, Dryness, Dullness, Firmness & Elasticity, Uneven Skin Texture",4.0,1,1,1,1,1
cleanser-and-exfoliator,https://www.sephora.my/products/origins-ginzing-refreshing-scrub-cleanser,ORIGINS,GinZing™ Refreshing Scrub Cleanser • 150ml,105,"Dullness, Uneven Skin Texture, Visible Pores",4.5,1,1,1,1,1
cleanser-and-exfoliator,https://www.sephora.my/products/burts-bees-skin-nourishment-gentle-facial-cleanser,BURT'S BEES,Skin Nourishment Gentle Facial Cleanser,88,Dullness,2.5,1,1,1,1,0
cleanser-and-exfoliator,https://www.sephora.my/products/sephora-collection-gentle-eye-and-lip-makeup-remover/v/125ml,SEPHORA COLLECTION,Gentle Eye And Lip Makeup Remover,40,Dryness,4.0,1,1,1,1,0
cleanser-and-exfoliator,https://www.sephora.my/products/wishful-bright-skincare-kit,WISHFUL,Bright Skincare Kit,230,"Acne & Blemishes, Dryness, Dullness, Uneven Skin Texture, Uneven Skin Tone, Visible Pores",0.0,1,1,1,1,1
cleanser-and-exfoliator,https://www.sephora.my/products/drunk-elephant-glowy-the-night-skincare-kit-limited-edition,DRUNK ELEPHANT,Glowy the Night Skincare Kit (Limited Edition),424,"Dryness, Dullness, Uneven Skin Texture",5.0,1,1,1,1,1
cleanser-and-exfoliator,https://www.sephora.my/products/sephora-collection-exfoliating-face-wipes-mini,SEPHORA COLLECTION,Exfoliating Face Wipes (Mini),16,"Uneven Skin Texture, Uneven Skin Tone",4.0,1,1,1,1,1
cleanser-and-exfoliator,https://www.sephora.my/products/frank-body-original-face-scrub/v/125ml,FRANK BODY,Original Face Scrub,100,"Ageing, Uneven Skin Texture, Uneven Skin Tone, Visible Pores",4.5,1,1,1,1,1
cleanser-and-exfoliator,https://www.sephora.my/products/wishful-wishful-glow-skincare-kit,WISHFUL,Wishful Glow Skincare Kit,85,"Acne & Blemishes, Dryness, Dullness, Uneven Skin Texture, Visible Pores",0.0,1,1,1,1,1
cleanser-and-exfoliator,https://www.sephora.my/products/biossance-squalane-plus-antioxidant-cleansing-oil/v/200ml,BIOSSANCE,Squalane + Antioxidant Cleansing Oil,136,Dryness,4.0,1,1,1,1,0
cleanser-and-exfoliator,https://www.sephora.my/products/drunk-elephant-dewy-the-polypeptide-skincare-kit,DRUNK ELEPHANT,Dewy the Polypeptide Skincare Kit,325,"Dryness, Dullness, Fine Lines & Wrinkles, Uneven Skin Texture",0.0,1,1,1,1,1
cleanser-and-exfoliator,https://www.sephora.my/products/first-aid-beauty-facial-radiance-pads/v/60,FIRST AID BEAUTY,Facial Radiance Pads,155,"Dullness, Uneven Skin Tone",4.5,1,1,1,1,1
cleanser-and-exfoliator,https://www.sephora.my/products/first-aid-beauty-skin-rescue-deep-cleanser-with-red-clay,FIRST AID BEAUTY,Skin Rescue Deep Cleanser With Red Clay • 134g,108,"Acne & Blemishes, Blackheads, Oiliness, Visible Pores",4.5,1,0,1,1,0
cleanser-and-exfoliator,https://www.sephora.my/products/pixi-glow-mud-cleanser,PIXI,Glow Mud Cleanser • 135ml,95,"Dullness, Visible Pores",4.0,1,1,1,1,0
cleanser-and-exfoliator,https://www.sephora.my/products/pixi-vitamin-c-juice-cleanser,PIXI,Vitamin-C Juice Cleanser,95,"Ageing, Dark Circles, Dryness, Dullness, Firmness & Elasticity",4.5,1,1,1,1,0
cleanser-and-exfoliator,https://www.sephora.my/products/sephora-collection-creamy-face-cleansing-scrub/v/charcoal,SEPHORA COLLECTION,Creamy Face Cleansing Scrub • 70ml,27,"Uneven Skin Texture, Uneven Skin Tone, Visible Pores",4.0,1,1,1,1,1
cleanser-and-exfoliator,https://www.sephora.my/products/sephora-collection-skin-n-seed-cleanser/v/lemon-seed,SEPHORA COLLECTION,Skin 'N Seed Cleanser • 150ml,58,"Dullness, Uneven Skin Tone",4.0,1,1,1,1,1
cleanser-and-exfoliator,https://www.sephora.my/products/dior-diorsnow-white-reveal-gentle-purifying-foam,DIOR,Diorsnow White Reveal Gentle Purifying Foam • 110ml,169,"Dryness, Dullness",5.0,1,1,1,1,0
cleanser-and-exfoliator,https://www.sephora.my/products/sephora-collection-exfoliating-face-wipe/v/charcoal-3378872138860,SEPHORA COLLECTION,Exfoliating Face Wipe • 20 wipes,32,"Dryness, Dullness, Uneven Skin Tone",5.0,1,1,1,1,0
cleanser-and-exfoliator,https://www.sephora.my/products/tatcha-the-rice-wash-cleanser,TATCHA,The Rice Wash Cleanser • 120ml,155,"Ageing, Dryness, Dullness, Uneven Skin Texture",4.0,1,1,1,0,0
cleanser-and-exfoliator,https://www.sephora.my/products/mario-badescu-enzyme-cleansing-gel/v/472ml,MARIO BADESCU,Enzyme Cleansing Gel,120,Oiliness,4.0,1,0,0,1,0
cleanser-and-exfoliator,https://www.sephora.my/products/kate-somerville-eradikate-r-daily-foaming-cleanser,KATE SOMERVILLE,EradiKate® Daily Foaming Cleanser,175,"Acne & Blemishes, Oiliness, Visible Pores",4.0,1,0,1,1,0
cleanser-and-exfoliator,https://www.sephora.my/products/first-aid-beauty-facial-radiance-polish,FIRST AID BEAUTY,Facial Radiance Polish,113,"Dullness, Uneven Skin Texture",4.0,1,1,1,1,1
cleanser-and-exfoliator,https://www.sephora.my/products/sand-and-sky-australian-pink-clay-flash-perfection-exfoliating-treatment,SAND & SKY,Australian Pink Clay - Flash Perfection Exfoliating Treatment,165,"Acne & Blemishes, Dryness, Dullness, Oiliness",4.0,1,1,1,1,1
cleanser-and-exfoliator,https://www.sephora.my/products/wishful-yo-glow-enzyme-scrub/v/100ml,WISHFUL,Yo Glow Enzyme Scrub,180,"Dryness, Dullness, Uneven Skin Texture, Visible Pores",4.5,1,1,1,1,0
cleanser-and-exfoliator,https://www.sephora.my/products/clinique-clarifying-lotion-1-very-dry-to-dry-skin,CLINIQUE,Clarifying Lotion 1 - Very Dry To Dry Skin,100,"Dryness, Dullness, Fine Lines & Wrinkles, Oiliness",4.5,1,1,1,1,1
cleanser-and-exfoliator,https://www.sephora.my/products/gallinee-the-ideal-face-set,GALLINÉE,The Ideal Face Set,310,"Dryness, Dullness, Uneven Skin Tone",4.5,1,1,1,1,1
cleanser-and-exfoliator,https://www.sephora.my/products/sk-ii-men-moisturizing-cleanser,SK-II,MEN Moisturizing Cleanser,247,"Blackheads, Dryness, Oiliness, Visible Pores",4.5,1,1,1,1,0
cleanser-and-exfoliator,https://www.sephora.my/products/purposeful-skincare-by-allies-psa-reset-acai-and-manuka-honey-nourishing-cleanser,PURPOSEFUL SKINCARE BY ALLIES (PSA),Reset Acai & Manuka Honey Nourishing Cleanser • 100ml,133," Acne & Blemishes, Dryness, Dullness",5.0,1,1,1,1,1
cleanser-and-exfoliator,https://www.sephora.my/products/sephora-collection-bright-skin-exfoliating-scrub,SEPHORA COLLECTION,Bright Skin Exfoliating Scrub • 50ml,55,"Dryness, Dullness",3.5,1,1,1,1,0
cleanser-and-exfoliator,https://www.sephora.my/products/sephora-collection-face-konjac-sponge/v/purifying,SEPHORA COLLECTION,Face Konjac Sponge,46,"Dullness, Uneven Skin Texture, Visible Pores",4.0,1,1,1,1,0
cleanser-and-exfoliator,https://www.sephora.my/products/it-cosmetics-confidence-in-a-cleanser,SEPHORA EXCLUSIVE IT COSMETICS,Confidence In A Cleanser,135,Dryness,4.5,1,1,1,1,1
cleanser-and-exfoliator,https://www.sephora.my/products/fresh-travel-essentials-minis-skincare-set-limited-edition,FRESH,Travel Essentials Minis Skincare Set (Limited Edition),217,Dryness,0.0,1,1,1,1,0
cleanser-and-exfoliator,https://www.sephora.my/products/it-cosmetics-celebrate-confidence-in-your-skincare-anti-aging-skincare-set-limited-edition,IT COSMETICS,Celebrate Confidence In Your Skincare Anti-Aging Skincare Set (Limited Edition),240,"Ageing, Dryness, Dullness, Fine Lines & Wrinkles, Firmness & Elasticity, Visible Pores",0.0,1,1,1,1,1
cleanser-and-exfoliator,https://www.sephora.my/products/la-mer-the-cleansing-foam/v/30ml,LA MER,The Cleansing Foam,90,"Dullness, Oiliness, Uneven Skin Tone",5.0,1,1,1,1,0
cleanser-and-exfoliator,https://www.sephora.my/products/dior-capture-totale-cell-energy-high-performance-gentle-cleanser,DIOR,Capture Totale C.E.L.L. ENERGY High-Performance Gentle Cleanser • 150ml,188,"Dryness, Dullness",4.5,1,1,1,1,0
cleanser-and-exfoliator,https://www.sephora.my/products/clinique-clarifying-lotion-1-dot-0,CLINIQUE,Clarifying Lotion 1.0 - Dry And Sensitive Skin,100,"Dryness, Dullness, Oiliness",4.0,1,1,1,1,1
cleanser-and-exfoliator,https://www.sephora.my/products/glamglow-supercleanse-clearing-cream-to-foam-cleanser,GLAMGLOW,Supercleanse™ Clearing Cream-to-Foam Cleanser • 150g,135,"Oiliness, Uneven Skin Texture, Uneven Skin Tone, Visible Pores",4.0,1,1,1,1,0
cleanser-and-exfoliator,https://www.sephora.my/products/boscia-detoxifying-black-charcoal-cleanser,BOSCIA,Detoxifying Black Charcoal Cleanser • 150ml,145,"Dullness, Oiliness, Uneven Skin Texture, Uneven Skin Tone, Visible Pores",4.5,1,1,1,1,1
cleanser-and-exfoliator,https://www.sephora.my/products/clinique-rinse-off-foaming-cleanser-150ml,CLINIQUE,Rinse-Off Foaming Cleanser,120,Dryness,4.5,1,1,1,1,1
cleanser-and-exfoliator,https://www.sephora.my/products/dr-dot-jart-plus-dermaclear-micro-foam,DR.JART+,Dermaclear Micro Foam Cleanser,90,"Dryness, Dullness",4.5,1,1,1,1,1
cleanser-and-exfoliator,https://www.sephora.my/products/sephora-collection-mini-exfoliating-face-wipes,SEPHORA COLLECTION,Mini Exfoliating Face Wipes • 10 wipes,18,"Dryness, Uneven Skin Texture, Uneven Skin Tone",0.0,1,1,1,1,0
cleanser-and-exfoliator,https://www.sephora.my/products/drunk-elephant-slaai-makeup-melting-butter-cleanser,SEPHORA EXCLUSIVE DRUNK ELEPHANT,Slaai™ Makeup-Melting Butter Cleanser,148,"Dryness, Dullness, Uneven Skin Texture, Uneven Skin Tone",4.0,1,1,1,1,1
cleanser-and-exfoliator,https://www.sephora.my/products/pixi-peel-and-polish,PIXI,Peel & Polish,120,"Dullness, Uneven Skin Texture",4.5,1,1,1,1,0
cleanser-and-exfoliator,https://www.sephora.my/products/mario-badescu-glycolic-foaming-cleanser,MARIO BADESCU,Glycolic Foaming Cleanser,85,"Fine Lines & Wrinkles, Pigmentation & Dark Spots, Uneven Skin Texture",4.0,1,1,1,1,1
cleanser-and-exfoliator,https://www.sephora.my/products/glamglow-tropicalcleanse-daily-exfoliating-cleanser,GLAMGLOW,Tropicalcleanse™ Daily Exfoliating Cleanser,145,"Dullness, Uneven Skin Texture",4.0,1,1,1,1,1
cleanser-and-exfoliator,https://www.sephora.my/products/origins-modern-friction-cleansing-oil-with-radiance-boosting-white-and-purple-rice,ORIGINS,Modern Friction™ Cleansing Oil with Radiance-Boosting White & Purple Rice • 150ml,145,"Dullness, Uneven Skin Texture",4.5,1,1,1,1,0
cleanser-and-exfoliator,https://www.sephora.my/products/drunk-elephant-baby-bar-travel-duo-with-travel-case,SEPHORA EXCLUSIVE DRUNK ELEPHANT,Baby Bar Travel Duo with Travel Case • 30g,95,"Dryness, Oiliness",3.0,1,1,1,1,1
cleanser-and-exfoliator,https://www.sephora.my/products/mario-badescu-orange-protective-cream,MARIO BADESCU,Orange Protective Cream,95,"Dryness, Dullness",3.5,1,1,0,0,1
cleanser-and-exfoliator,https://www.sephora.my/products/tatcha-the-rice-polish-gentle,TATCHA,The Rice Polish Gentle Foaming Enzyme Powder • 60g,250,"Dullness, Fine Lines & Wrinkles, Pigmentation & Dark Spots, Uneven Skin Texture, Uneven Skin Tone, Visible Pores",4.5,1,1,1,1,1
cleanser-and-exfoliator,https://www.sephora.my/products/wei-five-sacred-grains-even-brighter-silky-cleansing-milk,WEI,Five Sacred Grains Even Brighter Silky Cleansing Milk,160,"Dryness, Dullness, Uneven Skin Texture, Uneven Skin Tone",4.0,1,1,1,1,1
cleanser-and-exfoliator,https://www.sephora.my/products/dr-jart-cicapair-enzyme-cleansing-foam,DR.JART+,Cicapair Enzyme Cleansing Foam • 100ml,120,"Dryness, Uneven Skin Texture",0.0,1,1,1,1,1
cleanser-and-exfoliator,https://www.sephora.my/products/sulwhasoo-gentle-cleansing-oil,SULWHASOO,Gentle Cleansing Oil • 200ml,160,"Dryness, Dullness",0.0,1,1,1,1,0
cleanser-and-exfoliator,https://www.sephora.my/products/fresh-seaberry-skin-nutrition-cleansing-oil,FRESH,Seaberry Skin Nutrition Cleansing Oil,197,Dryness,4.5,1,1,1,0,0
cleanser-and-exfoliator,https://www.sephora.my/products/la-mer-the-replenishing-oil-exfoliator,LA MER,The Replenishing Oil Exfoliator • 100ml,445,"Dryness, Dullness, Fine Lines & Wrinkles, Oiliness, Uneven Skin Texture,",5.0,1,1,1,1,0
cleanser-and-exfoliator,https://www.sephora.my/products/mario-badescu-botanical-exfoliating-scrub,MARIO BADESCU,Botanical Exfoliating Scrub  • 100ml,140,Dullness,4.0,1,1,1,1,1
cleanser-and-exfoliator,https://www.sephora.my/products/tatcha-the-rice-polish-deep,TATCHA,The Rice Polish Deep Foaming Enzyme Powder • 60g,250,"Dullness, Fine Lines & Wrinkles, Pigmentation & Dark Spots, Uneven Skin Texture, Uneven Skin Tone, Visible Pores",4.5,1,1,1,1,1
cleanser-and-exfoliator,https://www.sephora.my/products/tata-harper-regenerating-cleanser/v/125ml,TATA HARPER,Regenerating Cleanser,352,"Dryness, Uneven Skin Texture, Visible Pores",4.5,1,1,1,1,0
toner,https://www.sephora.my/products/mario-badescu-special-cucumber-lotion,MARIO BADESCU,Special Cucumber Lotion,85,"Acne & Blemishes, Oiliness",4.0,1,0,0,1,0
toner,https://www.sephora.my/products/pixi-glow-tonic/v/250-ml,PIXI,Glow Tonic,145,"Dryness, Dullness, Oiliness, Visible Pores",4.0,1,1,1,1,0
toner,https://www.sephora.my/products/fresh-rose-deep-hydration-facial-toner/v/default,FRESH,Rose Deep Hydration Facial Toner • 250ml,203,Dryness,4.0,1,1,1,1,1
toner,https://www.sephora.my/products/mario-badescu-alpha-grapefruit-cleansing-lotion,MARIO BADESCU,Alpha Grapefruit Cleansing Lotion • 236ml,80,"Dullness, Fine Lines & Wrinkles",4.5,1,1,1,1,0
toner,https://www.sephora.my/products/sk-ii-facial-treatment-clear-lotion/v/160ml,SK-II,Facial Treatment Clear Lotion,207,"Dryness, Dullness, Uneven Skin Texture, Uneven Skin Tone",4.5,1,1,1,1,0
toner,https://www.sephora.my/products/origins-dr-andrew-weil-for-origins-mega-mushroom-relief-and-resilience-soothing-treatment-lotion/v/default,ORIGINS,Dr. Andrew Weil for Origins™ Mega-Mushroom Relief & Resilience Soothing Treatment Lotion,168,"Acne & Blemishes, Dullness, Uneven Skin Tone",4.5,1,1,1,1,0
toner,https://www.sephora.my/products/caudalie-vinopure-clear-skin-purifying-toner,CAUDALIE,Vinopure Clear Skin Purifying Toner • 200ml,99,"Acne & Blemishes, Blackheads, Dryness, Dullness, Uneven Skin Tone",4.0,1,1,1,1,1
toner,https://www.sephora.my/products/origins-sensational-soothers-mega-mushroom-relief-and-resilience-skin-soothing-regimen-set-limited-edition,ORIGINS,Sensational Soothers Mega Mushroom Relief & Resilience Skin-Soothing Regimen Set (Limited Edition),350,"Acne & Blemishes, Dryness",0.0,1,1,1,1,1
toner,https://www.sephora.my/products/sephora-collection-glow-peel-pads/v/20-pieces,SEPHORA COLLECTION ,Glow Peel Pads • 60 Pieces,27,Dullness,4.0,1,1,1,1,0
toner,https://www.sephora.my/products/fresh-black-tea-kombucha-facial-treatment-essence/v/default,FRESH,Black Tea Kombucha Facial Treatment Essence,306,"Ageing, Dryness, Dullness, Fine Lines & Wrinkles, Firmness & Elasticity, Visible Pores",4.5,1,1,1,1,0
toner,https://www.sephora.my/products/dr-dot-jart-plus-v7-toner,DR.JART+,V7 Toner,190,"Acne & Blemishes, Dullness, Firmness & Elasticity",3.5,1,1,1,1,1
toner,https://www.sephora.my/products/pixi-retinol-tonic,PIXI,Retinol Tonic,70,"Ageing, Dullness, Firmness & Elasticity, Uneven Skin Texture, Uneven Skin Tone",4.0,1,1,1,1,1
toner,https://www.sephora.my/products/pixi-collagen-tonic,PIXI,Collagen Tonic,75,"Dryness, Fine Lines & Wrinkles, Firmness & Elasticity, Uneven Skin Texture",0.0,1,1,1,1,1
toner,https://www.sephora.my/products/pixi-vitamin-c-tonic,PIXI,Vitamin-C Tonic,70,"Dryness, Dullness, Pigmentation & Dark Spots, Uneven Skin Tone",4.0,1,1,1,1,0
toner,https://www.sephora.my/products/la-mer-the-treatment-lotion/v/100ml,LA MER,The Treatment Lotion,435,"Dryness, Dullness, Uneven Skin Texture",0.0,1,1,1,1,0
toner,https://www.sephora.my/products/mario-badescu-witch-hazel-and-rosewater-toner,MARIO BADESCU,Witch Hazel & Rosewater Toner,70,"Dryness, Dullness",4.5,1,1,1,1,1
toner,https://www.sephora.my/products/origins-dr-andrew-weil-for-origins-mega-mushroom-relief-and-resilience-soothing-treatment-lotion-in-bruno-grizzo-design-limited-edition/v/400ml,ORIGINS,Dr. Andrew Weil for Origins™ Mega-Mushroom Relief & Resilience Soothing Treatment Lotion in Bruno Grizzo Design (Limited Edition),268,"Acne & Blemishes, Dryness",5.0,1,1,1,1,0
toner,https://www.sephora.my/products/indie-lee-coq-10-toner/v/default,INDIE LEE,CoQ-10 Toner,143,"Dryness, Dullness, Firmness & Elasticity, Uneven Skin Texture, Uneven Skin Tone",4.5,1,1,1,1,1
toner,https://www.sephora.my/products/sephora-collection-gentle-ph-balancing-toner,SEPHORA COLLECTION,Gentle PH Balancing Toner • 200ml,75,"Dryness, Dullness",4.5,1,1,1,1,0
toner,https://www.sephora.my/products/mario-badescu-glycolic-acid-toner-236ml,MARIO BADESCU,Glycolic Acid Toner  • 236ml,105,"Ageing, Dullness, Fine Lines & Wrinkles, Visible Pores",4.0,1,1,0,0,0
toner,https://www.sephora.my/products/lancome-tonique-confort,LANCOME,Tonique Confort,190,"Dryness, Dullness",4.0,1,1,1,0,0
toner,https://www.sephora.my/products/origins-dr-andrew-weil-for-origins-mega-essential-lotion-and-emulsion-duo-limited-edition,ORIGINS,Dr. Andrew Weil for Origins™ Mega Essential Lotion & Emulsion Duo (Limited Edition),180,Dryness,4.0,1,1,1,1,0
toner,https://www.sephora.my/products/dior-diorsnow-essence-of-light-brightening-light-activating-micro-infused-lotion,DIOR,Diorsnow Essence of Light Brightening Light-Activating Micro-Infused Lotion • 175ml,240,"Dryness, Dullness, Pigmentation & Dark Spots, Uneven Skin Texture",4.0,1,1,1,1,1
toner,https://www.sephora.my/products/pixi-milky-tonic,PIXI,Milky Tonic,70,"Dryness, Dullness, Uneven Skin Tone",4.5,1,1,1,1,1
toner,https://www.sephora.my/products/caolion-pore-deep-toner,CAOLION,Pore Deep Toner,123,"Dryness, Visible Pores",3.5,1,1,1,1,0
toner,https://www.sephora.my/products/dr-dot-jart-plus-cicapair-toner,DR.JART+,Cicapair Toner,135,"Dryness, Uneven Skin Texture",3.5,1,1,1,1,1
toner,https://www.sephora.my/products/dior-capture-totale-dreamskin-care-and-perfect-emulsion,DIOR,Capture Totale DreamSkin Care & Perfect Emulsion,386,"Dryness, Dullness, Pigmentation & Dark Spots, Uneven Skin Texture, Visible Pores",4.5,1,1,1,1,1
toner,https://www.sephora.my/products/pixi-rose-tonic,PIXI,Rose Tonic,70,"Dryness, Uneven Skin Tone",4.0,1,1,1,1,1
toner,https://www.sephora.my/products/dior-hydra-life-deep-hydration-sorbet-water-essence,DIOR,Hydra Life Deep Hydration Sorbet Water Essence,278,"Dryness, Firmness & Elasticity, Uneven Skin Tone",0.0,1,1,1,1,0
toner,https://www.sephora.my/products/herbivore-botanicals-rose-hibiscus-hydrating-face-mist/v/60ml,HERBIVORE BOTANICALS,Rose Hibiscus Hydrating Face Mist,73,"Dryness, Dullness",4.0,1,1,1,1,1
toner,https://www.sephora.my/products/saturday-skin-pore-clarifying-toner,SATURDAY SKIN,Pore Clarifying Toner,130,"Uneven Skin Texture, Uneven Skin Tone",4.5,1,1,1,1,0
toner,https://www.sephora.my/products/estee-lauder-nutritious-micro-algae-pore-minimizing-shake-tonic,ESTÉE LAUDER,Nutritious Micro-Algae Pore Minimizing Shake Tonic,120,Dullness,3.5,1,1,1,1,0
toner,https://www.sephora.my/products/tatcha-the-essence,TATCHA,The Essence • 150ml,410,"Dryness, Dullness, Fine Lines & Wrinkles, Uneven Skin Texture",4.5,1,1,1,1,1
toner,https://www.sephora.my/products/mario-badescu-aloe-vera-toner-236ml,MARIO BADESCU,Aloe Vera Toner • 236ml,100,Dryness,4.0,0,1,0,0,1
toner,https://www.sephora.my/products/dior-capture-totale-cell-energy-high-performance-treatment-serum-lotion,DIOR,Capture Totale C.E.L.L. ENERGY High-Performance Treatment Serum Lotion,260,"Ageing, Dryness, Dullness",4.0,1,1,1,1,0
toner,https://www.sephora.my/products/mario-badescu-witch-hazel-and-lavender-toner,MARIO BADESCU,Witch Hazel and Lavender Toner,65,"Dryness, Dullness",3.5,1,1,1,1,0
toner,https://www.sephora.my/products/lancome-tonique-douceur,LANCOME,Tonique Douceur,190,"Acne & Blemishes, Ageing, Dullness",4.5,1,1,1,1,0
toner,https://www.sephora.my/products/la-mer-the-moisturizing-soft-lotion,LA MER,The Moisturizing Soft Lotion • 50ml,1170,"Dryness, Dullness",0.0,1,1,1,1,0
toner,https://www.sephora.my/products/purposeful-skincare-by-allies-psa-heroine-mandelic-and-licorice-superfood-glow-toner,PURPOSEFUL SKINCARE BY ALLIES (PSA),Heroine Mandelic & Licorice Superfood Glow Toner • 100ml,136,"Acne & Blemishes, Dryness, Dullness, Visible Pores",4.0,1,1,1,1,1
toner,https://www.sephora.my/products/sulwhasoo-essential-balancing-water-ex-toner,SULWHASOO,Essential Balancing Water EX Toner,200,Dryness,0.0,1,1,1,1,0
toner,https://www.sephora.my/products/sephora-collection-skin-n-seed-lotion/v/grape-seed,SEPHORA COLLECTION,Skin 'N Seed Lotion • 200ml,91,Firmness & Elasticity,4.0,1,1,1,1,1
toner,https://www.sephora.my/products/herbivore-botanicals-jasmine-green-tea-balancing-toner,HERBIVORE BOTANICALS,Jasmine Green Tea Balancing Toner • 120ml,169,"Acne & Blemishes, Dryness, Oiliness",4.0,1,0,0,1,0
toner,https://www.sephora.my/products/mario-badescu-dew-it-for-the-glow-skincare-set,MARIO BADESCU,Dew It For the Glow Skincare Set,135,"Dryness, Dullness",0.0,1,1,1,1,0
toner,https://www.sephora.my/products/erno-laszlo-hydraphel-skin-supplement,ERNO LASZLO,Hydraphel Skin Supplement • 200ml,440,"Ageing, Dryness, Dullness",4.5,0,1,1,0,1
toner,https://www.sephora.my/products/laneige-essential-balancing-skin-refiner-light,LANEIGE,Essential Balancing Skin Refiner Light • 200ml,120,"Dryness, Dullness, Oiliness",0.0,1,0,0,1,0
toner,https://www.sephora.my/products/laneige-fresh-calming-balancing-toner,LANEIGE,Fresh Calming Balancing Toner,120,Skin Concerns: Dryness,4.5,1,1,1,1,1
toner,https://www.sephora.my/products/estee-lauder-perfectly-clean-triple-action-cleanser-slash-toner-slash-makeup-remover,ESTÉE LAUDER,Perfectly Clean Triple-Action Cleanser/Toner/Makeup Remover,45,Dullness,4.0,1,1,1,1,0
toner,https://www.sephora.my/products/mario-badescu-cucumber-cleansing-lotion-236ml,MARIO BADESCU,Cucumber Cleansing Lotion  • 236ml,90,Oiliness,4.0,1,0,0,1,0
toner,https://www.sephora.my/products/wander-beauty-mist-connection-essence-and-toner,SEPHORA EXCLUSIVE WANDER BEAUTY,Mist Connection Essence And Toner • 80ml,175,"Dryness, Dullness, Uneven Skin Texture, Uneven Skin Tone",0.0,1,1,1,1,1
toner,https://www.sephora.my/products/boscia-resurfacing-treatment-toner,BOSCIA,Resurfacing Treatment Toner,135,"Dullness, Visible Pores",4.0,1,1,1,1,0
toner,https://www.sephora.my/products/lab-series-max-ls-skin-recharging-water-lotion,LAB SERIES,Max LS Skin Recharging Water Lotion,210,Ageing,0.0,1,1,1,1,0
toner,https://www.sephora.my/products/estee-lauder-nutritious-super-pomegranate-radiant-energy-lotion-light,ESTÉE LAUDER,Nutritious Super-Pomegranate Radiant Energy Lotion Light,250,"Dryness, Dullness",4.0,1,1,1,1,1
toner,https://www.sephora.my/products/glamglow-supertoner-exfoliating-pore-clarifying-acid-solution,GLAMGLOW,SUPERTONER ™ Exfoliating Pore Clarifying Acid Solution • 200ml,200,"Dullness, Oiliness, Visible Pores",4.5,1,1,1,1,1
toner,https://www.sephora.my/products/laneige-white-dew-skin-refiner,LANEIGE,White Dew Skin Refiner,125,Dullness,0.0,1,1,1,1,1
toner,https://www.sephora.my/products/lab-series-oil-control-clearing-solution,LAB SERIES,Oil Control Clearing Solution,105,Oiliness,5.0,1,1,1,1,0
toner,https://www.sephora.my/products/dr-roebucks-lifesaver-skin-brightening-toner,DR. ROEBUCKS,Lifesaver Skin Brightening Toner,109,"Uneven Skin Tone, Visible Pores",4.0,0,1,1,1,1
toner,https://www.sephora.my/products/laneige-cream-skin-refiner,LANEIGE,Cream Skin Refiner • 150ml,125,"Dryness, Dullness, Pigmentation & Dark Spots, Uneven Skin Texture, Uneven Skin Tone",0.0,1,1,1,1,1
toner,https://www.sephora.my/products/gallinee-face-vinegar,GALLINÉE,Face Vinegar Toner,120,"Dryness, Dullness, Visible Pores",4.0,1,1,1,1,0
toner,https://www.sephora.my/products/bybi-beauty-mega-mist/v/50ml,BYBI BEAUTY,Mega Mist Facial Mist,147,"Dryness, Dullness",4.0,1,1,1,1,1
toner,https://www.sephora.my/products/dior-hydra-life-balancing-hydration-2-in-1-sorbet-water,DIOR,Hydra Life Balancing Hydration 2 In 1 Sorbet Water,207,"Dryness, Uneven Skin Tone",4.5,1,1,1,1,0
toner,https://www.sephora.my/products/caolion-peace-water-aqua-essence-mist,CAOLION,Peace Water Aqua Essence Mist,104,Dryness,0.0,1,1,1,1,1
toner,https://www.sephora.my/products/wei-orchid-waterflow-balancing-lotion-toner,WEI,Orchid Waterflow Balancing Lotion Toner,245,"Dryness, Uneven Skin Texture",0.0,1,1,1,1,1
toner,https://www.sephora.my/products/erno-laszlo-light-controlling-lotion,ERNO LASZLO,Light Controlling Lotion • 200ml,440,"Skin Concerns: Dryness, Dullness, Oiliness, Visible Pores",4.5,1,0,1,1,1
toner,https://www.sephora.my/products/laneige-essential-power-skin-refiner-moisture,LANEIGE,Essential Power Skin Refiner Moisture,120,"Dryness, Dullness, Firmness & Elasticity",0.0,0,1,1,0,0
toner,https://www.sephora.my/products/origins-make-a-difference-plus-plus-skin-rejuvenating-treatment-lotion,ORIGINS,Make A Difference™ Plus+ Rejuvenating Treatment Lotion,138,Dryness,4.0,0,1,0,0,0
toner,https://www.sephora.my/products/fresh-umbrian-clay-purifying-facial-toner,FRESH,Umbrian Clay Purifying Facial Toner,158,"Acne & Blemishes, Oiliness, Visible Pores",4.0,1,0,0,1,0
toner,https://www.sephora.my/products/sulwhasoo-bloomstay-vitalizing-water-lotion,SULWHASOO,Bloomstay Vitalizing Water Lotion,280,"Ageing, Dryness, Uneven Skin Texture",2.5,1,1,1,1,0
toner,https://www.sephora.my/products/kopari-coconut-rose-toner,KOPARI,Coconut Rose Toner • 150ml,120,"Acne & Blemishes, Dryness, Dullness, Uneven Skin Texture, Uneven Skin Tone, Visible Pores",4.5,1,1,1,1,0
toner,https://www.sephora.my/products/lab-series-rescue-water-lotion,LAB SERIES,Rescue Water Lotion,135,Dryness,4.5,1,1,1,1,0
toner,https://www.sephora.my/products/la-mer-the-tonic/v/200ml,LA MER,The Tonic,385,"Dryness, Dullness, Uneven Skin Tone",5.0,1,1,1,1,0
toner,https://www.sephora.my/products/peter-thomas-roth-glycolic-acid-toner,PETER THOMAS ROTH,Glycolic Acid Toner,179,"Ageing, Dryness, Fine Lines & Wrinkles, Uneven Skin Texture, Visible Pores",4.5,1,1,1,1,1
toner,https://www.sephora.my/products/la-mer-the-moisturizing-matte-lotion,LA MER,The Moisturizing Matte Lotion • 50ml,1170,"Dryness, Dullness, Oiliness, Visible Pores",5.0,1,0,0,1,0
toner,https://www.sephora.my/products/arcona-raspberry-clarifying-pads,ARCONA,Raspberry Clarifying Pads,136,"Oiliness, Visible Pores",3.5,0,0,1,1,0
toner,https://www.sephora.my/products/3ce-white-milquidro-peeling-toner,3CE,White Milquidro Peeling Toner,144,"Dryness, Dullness, Visible Pores",4.0,1,1,1,1,0
toner,https://www.sephora.my/products/arcona-triad-pads,ARCONA,Triad Pads,133,Dryness,3.5,1,1,1,1,1
toner,https://www.sephora.my/products/sunday-riley-martian-mattifying-melting-water-gel-toner,SUNDAY RILEY,Martian Mattifying Melting Water-Gel Toner,109,"Acne & Blemishes, Oiliness, Uneven Skin Texture, Visible Pores",3.5,1,1,1,1,1
toner,https://www.sephora.my/products/sephora-collection-instant-refreshing-toner,SEPHORA COLLECTION,Instant Refreshing Toner,69,"Dullness, Oiliness",4.5,1,1,1,1,0
toner,https://www.sephora.my/products/laneige-power-essential-skin-refiner-light,LANEIGE,Power Essential Skin Refiner Light • 200ml,120,"Dryness, Dullness, Oiliness, Uneven Skin Texture, Visible Pores",4.0,1,1,1,1,0
toner,https://www.sephora.my/products/peter-thomas-roth-un-wrinkle-turbo-line-smoothing-toning-lotion-198ml,PETER THOMAS ROTH,Un-wrinkle Turbo Line Smoothing Toning Lotion • 200ml,175,"Acne & Blemishes, Ageing, Fine Lines & Wrinkles, Firmness & Elasticity, Uneven Skin Tone",4.5,1,1,1,1,1
toner,https://www.sephora.my/products/first-aid-beauty-ultra-repair-wild-oat-hydrating-toner,FIRST AID BEAUTY,Ultra Repair Wild Oat Hydrating Toner,108,"Dryness, Uneven Skin Texture",4.5,1,1,1,1,1
toner,https://www.sephora.my/products/burts-bees-brightening-refining-tonic,BURT'S BEES,Brightening Refining Tonic • 177ml,88,"Dullness, Uneven Skin Tone",4.0,1,1,1,1,0
toner,https://www.sephora.my/products/for-beloved-one-advanced-hyaluronic-acid-ghk-cu-moisturizing-toner,FOR BELOVED ONE,Advanced Hyaluronic Acid GHK-Cu Moisturizing Toner,185,"Dryness, Dullness",3.0,1,1,1,1,1
toner,https://www.sephora.my/products/laneige-time-freeze-skin-refiner,LANEIGE,Time Freeze Skin Refiner,180,"Ageing, Dryness, Dullness, Fine Lines & Wrinkles, Firmness & Elasticity, Uneven Skin Texture, Uneven Skin Tone",0.0,1,1,1,1,1
toner,https://www.sephora.my/products/laneige-perfect-renew-skin-refiner,LANEIGE,Perfect Renew Skin Refiner • 120ml,145,Dryness,4.0,1,1,1,1,0
toner,https://www.sephora.my/products/fresh-peony-brightening-moisturizing-facial-toner,FRESH,Peony Brightening Moisturizing Facial Toner,242,"Dryness, Dullness, Uneven Skin Tone",4.0,1,1,1,1,0
toner,https://www.sephora.my/products/guerlain-abeille-royale-fortifying-lotion,GUERLAIN,Abeille Royale Fortifying Lotion • 150ml,335,"Ageing, Dryness, Dullness, Uneven Skin Texture",0.0,1,1,1,1,1
toner,https://www.sephora.my/products/arcona-triad-pads-2-go,ARCONA,Triad Pads 2 Go,39,Dryness,4.0,1,1,1,1,1
toner,https://www.sephora.my/products/philosophy-purity-made-simple-hydra-essence-with-coconut-water,PHILOSOPHY,Purity Made Simple Hydra-Essence With Coconut Water,103,"Dryness, Dullness",4.0,1,1,1,1,0
toner,https://www.sephora.my/products/first-aid-beauty-skin-rescue-anti-breakout-pads-with-white-clay,FIRST AID BEAUTY,Skin Rescue Anti-Breakout Pads with White Clay • 60pcs,141,"Acne & Blemishes, Oiliness",4.0,1,1,1,1,0
toner,https://www.sephora.my/products/allies-of-skin-molecular-saviour-probiotics-repair-mist,ALLIES OF SKIN,Molecular Saviour™ Probiotics Repair Mist,271,"Acne & Blemishes, Dryness, Uneven Skin Texture, Visible Pores",4.5,1,1,1,1,0
moisturiser,https://www.sephora.my/products/tarte-marine-boosting-mist/v/30ml-travel-size,SEPHORA EXCLUSIVE TARTE,Rainforest of the Sea™ Marine Boosting Mist • 4-in-1 Setting Mist,47,"Acne & Blemishes, Dullness, Puffiness, Visible Pores",4.0,1,1,1,1,1
moisturiser,https://www.sephora.my/products/the-inkey-list-vitamin-b-c-and-e-moisturizer,THE INKEY LIST,"Vitamin B, C And E Moisturizer • 50ml",25,"Dryness, Dullness, Oiliness",4.5,1,1,1,1,0
moisturiser,https://www.sephora.my/products/origins-ginzing-oil-free-energy-boosting-gel-moisturizer/v/50ml,ORIGINS,Ginzing Oil-Free Energy-Boosting Gel Moisturizer,125,"Dryness, Dullness",3.5,1,0,0,1,0
moisturiser,https://www.sephora.my/products/clinique-moisture-surge-72-hour-auto-replenishing-hydrator/v/50ml,CLINIQUE,Moisture Surge 72-Hour Auto-Replenishing Hydrator,178,Dryness,4.5,1,1,1,1,0
moisturiser,https://www.sephora.my/products/glow-recipe-glow-together-skincare-kit-limited-edition,GLOW RECIPE,Glow Together Skincare Kit (Limited Edition),150,"Dryness, Dullness",5.0,1,1,1,1,1
moisturiser,https://www.sephora.my/products/dr-jart-vital-hydra-solution-biome-water-cream/v/50ml,DR. JART+,Vital Hydra Solution Biome Water Cream,210,Dryness,3.5,1,1,1,1,1
moisturiser,https://www.sephora.my/products/mario-badescu-facial-spray-with-aloe-herbs,MARIO BADESCU,"Facial Spray With Aloe, Herbs and Rosewater",40,Dryness,4.0,1,1,1,1,1
moisturiser,https://www.sephora.my/products/fresh-rose-deep-hydration-face-cream/v/50ml,FRESH,Rose Deep Hydration Face Cream,207,"Ageing, Dryness, Firmness & Elasticity, Uneven Skin Texture",4.5,1,1,1,0,1
moisturiser,https://www.sephora.my/products/the-inkey-list-peptide-moisturizer,THE INKEY LIST,Peptide Moisturizer • 50ml,71,Skin Concerns: Ageing,4.0,1,1,1,1,0
moisturiser,https://www.sephora.my/products/first-aid-beauty-ultra-repair-cream/v/226g,FIRST AID BEAUTY,Ultra Repair Cream,185,Dryness,4.5,1,1,1,0,1
moisturiser,https://www.sephora.my/products/tarte-maracuja-oil/v/1-7oz,SEPHORA EXCLUSIVE TARTE,Maracuja Oil,198,"Ageing, Dryness, Dullness, Firmness & Elasticity, Oiliness, Uneven Skin Texture",4.5,1,1,1,1,1
moisturiser,https://www.sephora.my/products/clinique-dramatically-different-moisturizing-gel/v/50ml,CLINIQUE,Dramatically Different Moisturizing Gel,78,"Dryness, Oiliness",4.5,1,0,0,1,1
moisturiser,https://www.sephora.my/products/fresh-lotus-youth-preserve-moisturizer-with-multi-action-super-lotus/v/50ml,FRESH,Lotus Youth Preserve Moisturizer With Multi-Action Super Lotus,250,"Ageing, Dryness, Dullness, Fine Lines & Wrinkles",4.5,1,1,1,1,0
moisturiser,https://www.sephora.my/products/the-inkey-list-turmeric-moisturiser,THE INKEY LIST,Turmeric Moisturiser • 30ml,50,"Acne & Blemishes, Dryness, Fine Lines & Wrinkles, Uneven Skin Tone",4.0,1,1,1,1,1
moisturiser,https://www.sephora.my/products/caudalie-grape-water/v/200ml,CAUDALIE,Grape Water,75,"Acne & Blemishes, Dryness, Dullness, Visible Pores",4.0,1,0,1,1,1
moisturiser,https://www.sephora.my/products/dr-dot-jart-plus-vital-hydra-solution-biome-essence/v/150ml,DR. JART+,Vital Hydra Solution Biome Essence,250,"Dryness, Dullness, Uneven Skin Texture, Uneven Skin Tone",4.5,1,1,1,1,1
moisturiser,https://www.sephora.my/products/dr-dot-jart-plus-v7-emulsion,DR. JART+,V7 Emulsion,190,"Dryness, Dullness, Uneven Skin Texture",4.5,1,1,0,0,0
moisturiser,https://www.sephora.my/products/la-mer-the-moisturizing-soft-cream/v/15ml,LA MER,The Moisturizing Soft Cream,380,"Dryness, Dullness",5.0,1,1,0,0,0
moisturiser,https://www.sephora.my/products/mac-cosmetics-prep-plus-prime-fix-plus/v/100ml,MAC COSMETICS,Prep + Prime Fix+ • 100ml,105,Dryness,4.5,1,1,1,1,1
moisturiser,https://www.sephora.my/products/sephora-collection-brightening-eye-cream,SEPHORA COLLECTION,Brightening Eye Cream • 20ml,69,"Ageing, Dark Circles, Puffiness",4.0,1,1,1,1,0
moisturiser,https://www.sephora.my/products/sephora-collection-all-day-hydrator-moisturizer/v/50ml,SEPHORA COLLECTION,All Day Hydrator Moisturizer • 50ml,69,"Dryness, Dullness, Uneven Skin Tone",4.0,1,1,1,1,0
moisturiser,https://www.sephora.my/products/fresh-lotus-youth-preserve-dream-face-cream/v/50ml,FRESH,Lotus Youth Preserve Dream Face Cream,250,"Ageing, Dullness, Firmness & Elasticity",4.5,1,1,1,1,0
moisturiser,https://www.sephora.my/products/origins-original-skin-matte-moisturizer-with-willowherb/v/default,ORIGINS,Original Skin™ Matte Moisturizer with Willowherb,142,"Dullness, Oiliness, Uneven Skin Texture, Visible Pores",4.5,1,1,1,1,0
moisturiser,https://www.sephora.my/products/clinique-dramatically-different-moisturizing-lotion-plus/v/125ml-with-pump,CLINIQUE,Dramatically Different Moisturizing Lotion+,150,Dryness,4.0,1,0,1,0,1
moisturiser,https://www.sephora.my/products/bobbi-brown-vitamin-enriched-face-base/v/50ml,BOBBI BROWN,Vitamin Enriched Face Base Face Primer,248,"Dryness, Dullness, Firmness & Elasticity",4.5,1,1,1,1,1
moisturiser,https://www.sephora.my/products/indie-lee-daily-vitamin-infusion/v/30ml,INDIE LEE,Daily Vitamin Infusion Face Oil,286,"Ageing, Dullness, Uneven Skin Tone",0.0,1,1,1,1,1
moisturiser,https://www.sephora.my/products/for-beloved-one-advanced-hyaluronic-acid-ghk-cu-moisturizing-serum,FOR BELOVED ONE,Advanced Hyaluronic Acid GHK-Cu Moisturizing Serum,200,Dryness,4.0,1,1,1,1,1
moisturiser,https://www.sephora.my/products/fresh-rose-floral-toner/v/default,FRESH,Rose Floral Toner,183,"Dryness, Dullness, Uneven Skin Texture",4.0,1,1,1,1,1
moisturiser,https://www.sephora.my/products/mario-badescu-facial-spray-with-aloe-chamomile-and-lavender,MARIO BADESCU,"Facial Spray With Aloe, Chamomile And Lavender • 118ml",40,"Ageing, Dryness, Dullness",4.5,1,1,1,1,1
moisturiser,https://www.sephora.my/products/origins-mattifying-marvels-original-skin-trio-to-mask-prime-and-hydrate-limited-edition,ORIGINS,"Mattifying Marvels Original Skin™ Trio To Mask, Prime & Hydrate (Limited Edition",160,"Dryness, Uneven Skin Texture, Visible Pores",0.0,1,1,1,1,0
moisturiser,https://www.sephora.my/products/sunday-riley-ceo-c-plus-e-antioxidant-protect-plus-repair-moisturizer,SUNDAY RILEY,C.E.O. C + E Antioxidant Protect + Repair Moisturizer,97,"Ageing, Dryness, Dullness, Pigmentation & Dark Spots, Uneven Skin Texture, Uneven Skin Tone",4.0,1,1,1,1,1
moisturiser,https://www.sephora.my/products/mario-badescu-spritz-mist-glow-facial-spray-set,MARIO BADESCU,Spritz. Mist. Glow Facial Spray Set • 3 x 118ml,100,"Dryness, Dullness",4.5,1,1,1,0,0
moisturiser,https://www.sephora.my/products/dr-jart-cicapair-special-all-day-skincare-kit,DR. JART+,Cicapair Special All Day Skincare Kit • E.g. 50ml,195,"Dryness, Dullness",0.0,1,1,1,1,1
moisturiser,https://www.sephora.my/products/mario-badescu-oil-free-moisturizer-1f1c7eb1-eedd-4b4d-96c1-5ce80e29f788,MARIO BADESCU,Oil Free Moisturizer  • 59ml,125,"Ageing, Dullness, Oiliness, Uneven Skin Tone",4.0,1,1,1,1,1
moisturiser,https://www.sephora.my/products/la-mer-the-moisturizing-cool-gel-cream/v/30ml,LA MER,The Moisturizing Cool Gel Cream,750,"Dryness, Dullness",5.0,1,0,0,1,0
moisturiser,https://www.sephora.my/products/mario-badescu-mini-mist-collection-skincare-set,MARIO BADESCU,Mini Mist Collection Skincare Set,95,"Dryness, Dullness",5.0,1,1,1,1,0
moisturiser,https://www.sephora.my/products/fresh-lotus-dreamiest-skin-skincare-kit,FRESH,Lotus Dreamiest Skin Skincare Kit,90,"Ageing, Dryness, Dullness, Firmness & Elasticity",0.0,1,1,1,1,0
moisturiser,https://www.sephora.my/products/sephora-collection-nourishing-moisturizer,SEPHORA COLLECTION,Nourishing Moisturizer,72,Dryness,4.5,0,1,1,0,0
moisturiser,https://www.sephora.my/products/first-aid-beauty-ultra-repair-face-moisturizer,FIRST AID BEAUTY,Ultra Repair Face Moisturizer,110,"Dryness, Fine Lines & Wrinkles",4.0,1,1,1,0,1
moisturiser,https://www.sephora.my/products/tatcha-the-water-cream,TATCHA,The Water Cream,300,"Ageing, Dryness, Dullness, Uneven Skin Texture, Visible Pores",4.0,1,1,1,1,1
moisturiser,https://www.sephora.my/products/drunk-elephant-protini-polypeptide-cream,SEPHORA EXCLUSIVE DRUNK ELEPHANT,Protini™ Polypeptide Cream,297,"Ageing, Dryness, Fine Lines & Wrinkles, Uneven Skin Texture, Uneven Skin Tone",4.0,1,1,1,1,1
moisturiser,https://www.sephora.my/products/clinique-dramatically-different-hydrating-jelly,CLINIQUE,Dramatically Different Hydrating Jelly,150,"Dryness, Uneven Skin Texture",4.0,1,1,1,1,1
moisturiser,https://www.sephora.my/products/caudalie-beauty-elixir/v/100ml,CAUDALIE,Beauty Elixir,195,Dullness,4.5,1,1,1,1,1
moisturiser,https://www.sephora.my/products/mario-badescu-facial-spray-with-aloe-sage-and-orange-blossom,MARIO BADESCU,"Facial Spray With Aloe, Sage And Orange Blossom • 118ml",40,"Dryness, Dullness",4.5,1,1,1,1,0
moisturiser,https://www.sephora.my/products/sephora-collection-overnight-firming-cream,SEPHORA COLLECTION,Overnight Firming Cream • 50ml,115,"Dryness, Dullness",4.0,1,1,1,1,0
moisturiser,https://www.sephora.my/products/la-mer-the-glowing-hydration-skincare-duet-limited-edition,LA MER,The Glowing Hydration Skincare Duet (Limited Edition),1870,"Dark Circles, Dryness, Dullness, Fine Lines & Wrinkles, Uneven Skin Texture",0.0,1,1,1,1,0
moisturiser,https://www.sephora.my/products/dr-jart-v7-toning-light,DR. JART+,V7 Toning Light,235,Dullness,4.0,1,1,1,1,1
moisturiser,https://www.sephora.my/products/sephora-collection-skin-n-seed-cream/v/grape-seed,SEPHORA COLLECTION,Skin 'N Seed Cream • 50ml,76,"Dryness, Uneven Skin Texture",4.0,1,1,1,1,1
moisturiser,https://www.sephora.my/products/tatcha-the-dewy-skin-cream,TATCHA,The Dewy Skin Cream,300,"Ageing, Dryness, Dullness, Uneven Skin Texture, Uneven Skin Tone",4.0,0,1,1,0,0
moisturiser,https://www.sephora.my/products/estee-lauder-micro-essence-skin-activating-treatment-lotion-fresh-with-sakura-ferment,ESTÉE LAUDER,Micro Essence Skin Activating Treatment Lotion Fresh with Sakura Ferment,435,"Dryness, Dullness, Fine Lines & Wrinkles, Uneven Skin Texture, Uneven Skin Tone, Visible Pores",4.5,1,1,1,1,1
moisturiser,https://www.sephora.my/products/origins-clear-improvement-oil-free-moisturizer-with-bamboo-charcoal,ORIGINS,Clear Improvement™ Oil-Free Moisturizer with Bamboo Charcoal,142,"Acne & Blemishes, Dryness, Oiliness, Visible Pores",4.5,1,1,1,1,1
moisturiser,https://www.sephora.my/products/fresh-vitamin-nectar-moisture-glow-face-cream,FRESH,Vitamin Nectar Moisture Glow Face Cream,227,Dullness,4.5,1,1,1,1,0
moisturiser,https://www.sephora.my/products/dr-jart-ceramidin-cream,DR. JART+,Ceramidin Cream • 50ml,220,"Ageing, Dryness, Fine Lines & Wrinkles",4.0,1,1,1,1,1
moisturiser,https://www.sephora.my/products/first-aid-beauty-ultra-repair-barriair-cream,FIRST AID BEAUTY,Ultra Repair BarriAir Cream,138,"Dryness, Dullness",4.0,1,1,1,1,1
moisturiser,https://www.sephora.my/products/burts-bees-brightening-moisturizing-cream,BURT'S BEES,Brightening Moisturizing Cream • 50g,168,"Dullness, Fine Lines & Wrinkles, Pigmentation & Dark Spots, Uneven Skin Tone",3.0,1,1,1,1,0
moisturiser,https://www.sephora.my/products/pixi-rose-glow-mist,PIXI,Rose Glow Mist,70,"Dryness, Dullness, Uneven Skin Texture, Uneven Skin Tone",4.5,1,1,1,1,1
moisturiser,https://www.sephora.my/products/supergoop-superscreen-daily-moisturizer-spf-40-pa-plus-plus-plus,SUPERGOOP!,Superscreen Daily Moisturizer SPF 40 PA+++ • 50ml,165,Dryness,4.0,1,1,1,1,1
moisturiser,https://www.sephora.my/products/dr-jart-best-cream-skincare-duo,DR. JART+,Best Cream Skincare Duo,185,"Dryness, Firmness & Elasticity",0.0,1,1,1,0,1
moisturiser,https://www.sephora.my/products/sephora-collection-men-smoothing-hydrating-lotion,SEPHORA COLLECTION,Men Smoothing Hydrating Lotion • 75ml,78,"Dryness, Fine Lines & Wrinkles, Firmness & Elasticity",5.0,1,1,1,1,0
moisturiser,https://www.sephora.my/products/caudalie-vinosource-moisturizing-sorbet,CAUDALIE,Vinosource Moisturizing Sorbet,145,Dryness,4.0,1,1,1,1,1
moisturiser,https://www.sephora.my/products/clinique-moisture-surge-hydrating-supercharged-concentrate/v/50ml,CLINIQUE,Moisture Surge Hydrating Supercharged Concentrate,178,Dryness,4.0,1,1,1,1,1
moisturiser,https://www.sephora.my/products/it-cosmetics-confidence-in-a-cream-transforming-moisturizing-super-cream,SEPHORA EXCLUSIVE IT COSMETICS,Confidence in a Cream™ Transforming Moisturizing Super Cream • 60ml,210,"Dryness, Fine Lines & Wrinkles, Firmness & Elasticity, Uneven Skin Texture, Uneven Skin Tone, Visible Pores",4.5,1,1,1,1,1
moisturiser,https://www.sephora.my/products/mario-badescu-fresh-face-favorites-skincare-set,MARIO BADESCU,Fresh Face Favorites Skincare Set,60,"Dryness, Dullness",0.0,1,1,1,1,0
moisturiser,https://www.sephora.my/products/pixi-glow-mist,PIXI,Glow Mist,70,Dryness,4.0,1,1,1,1,0
moisturiser,https://www.sephora.my/products/clinique-clinique-id-dramatically-different-moisturizing-lotion-plus-plus-active-cartridge-concentrate-kit/v/fatigue,CLINIQUE,Clinique iD Dramatically Different Moisturizing Lotion+™ + Active Cartridge Concentrate Kit,166,"Dryness, Dullness",4.5,1,1,1,1,0
moisturiser,https://www.sephora.my/products/sk-ii-radical-new-age-power-airy-milky-lotion/v/80g,SK-II,Radical New Age Power Airy Milky Lotion,633,"Ageing, Fine Lines & Wrinkles, Pigmentation & Dark Spots",4.5,1,1,1,0,0
moisturiser,https://www.sephora.my/products/origins-dr-weil-for-origins-mega-defense-advanced-daily-uv-defender-spf45-slash-pa-plus-plus-plus-plus,ORIGINS,Dr. Weil For Origins™ Mega-Defense Advanced Daily UV Defender SPF45/ PA++++  • 30ml,189,Dryness,4.0,1,1,1,1,1
moisturiser,https://www.sephora.my/products/lab-series-rescue-water-emulsion,LAB SERIES,Rescue Water Emulsion • 100ml,180,"Dryness, Dullness",4.5,1,1,1,1,0
moisturiser,https://www.sephora.my/products/tarte-baba-bomb-moisturizer/v/50ml,SEPHORA EXCLUSIVE TARTE,Baba Bomb Moisturizer,175,"Dryness, Firmness & Elasticity, Uneven Skin Texture",4.5,1,1,1,1,0
moisturiser,https://www.sephora.my/products/caudalie-grape-water-facial-mist-limited-edition-2020,CAUDALIE,Grape Water Facial Mist (Limited Edition 2020) • 300ml,95,Dryness,3.5,1,1,1,1,1
moisturiser,https://www.sephora.my/products/caudalie-vinopure-skin-perfecting-mattifying-moisturizer,CAUDALIE,Vinopure Skin Perfecting Mattifying Moisturizer,145,"Acne & Blemishes, Blackheads, Dryness, Dullness, Uneven Skin Tone",4.0,1,1,1,1,1
moisturiser,https://www.sephora.my/products/origins-make-a-difference-plus-plus-skin-rejuvenating-treatment,ORIGINS,Make A Difference™ Plus+ Rejuvenating Treatment,222,Dryness,4.5,0,1,1,0,0
moisturiser,https://www.sephora.my/products/dr-jart-cicapair-cream,DR. JART+,Cicapair Cream,235,"Acne & Blemishes, Dryness, Pigmentation & Dark Spots, Uneven Skin Texture",4.5,1,1,1,1,1
moisturiser,https://www.sephora.my/products/drunk-elephant-a-passioni-retinol-cream/v/30ml,SEPHORA EXCLUSIVE DRUNK ELEPHANT,A-Passioni™ Retinol Cream,323,"Ageing, Fine Lines & Wrinkles, Pigmentation & Dark Spots, Uneven Skin Texture, Uneven Skin Tone",4.0,1,1,1,1,0
moisturiser,https://www.sephora.my/products/dior-capture-youth-age-defying-advanced-creme-moisturiser,DIOR,Capture Youth Age-Defying Advanced Crème Moisturiser • 50ml,386,"Ageing, Fine Lines & Wrinkles, Uneven Skin Texture",0.0,1,1,1,1,0
moisturiser,https://www.sephora.my/products/fresh-vitamin-nectar-energizing-glow-water-antioxidant-face-and-body-mist,FRESH,Vitamin Nectar Anti-Oxidant Glow Water Skin Nutrition Face Mist,109,"Dryness, Dullness",4.5,1,1,1,1,1
moisturiser,https://www.sephora.my/products/dior-diorsnow-brightening-refining-moist-cloud-creme,DIOR,Diorsnow Brightening Refining Moist Cloud Crème,388,"Acne & Blemishes, Uneven Skin Texture, Visible Pores",4.5,1,1,1,1,0
moisturiser,https://www.sephora.my/products/dr-dennis-gross-ferulic-plus-retinol-anti-aging-moisturizer/v/50g,DR. DENNIS GROSS,Ferulic + Retinol Anti-Aging Moisturizer • 50g,325,"Ageing, Dryness, Dullness, Fine Lines & Wrinkles, Firmness & Elasticity, Uneven Skin Texture",4.5,1,1,1,1,0
moisturiser,https://www.sephora.my/products/it-cosmetics-confidence-in-your-beauty-sleep-cream/v/60ml,SEPHORA EXCLUSIVE IT COSMETICS,Confidence In Your Beauty Sleep Cream,245,"Ageing, Dryness, Dullness, Fine Lines & Wrinkles, Firmness & Elasticity, Uneven Skin Texture",5.0,1,1,1,1,1
moisturiser,https://www.sephora.my/products/drunk-elephant-lala-retro-whipped-cream,SEPHORA EXCLUSIVE DRUNK ELEPHANT,Lala Retro™ Whipped Cream,265,"Dryness, Dullness, Fine Lines & Wrinkles",4.0,1,1,1,1,1
moisturiser,https://www.sephora.my/products/pixi-on-the-glow-multi-use-moisture-stick,PIXI,On-the-Glow Multi-Use Moisture Stick,95,"Dryness, Dullness, Firmness & Elasticity",4.0,1,1,1,1,1
moisturiser,https://www.sephora.my/products/drunk-elephant-firmy-the-day-skincare-kit-limited-edition,DRUNK ELEPHANT,Firmy the Day Skincare Kit (Limited Edition),380,"Dryness, Dullness, Firmness & Elasticity",0.0,1,1,1,1,1
moisturiser,https://www.sephora.my/products/mario-badescu-facial-spray-with-aloe-cucumber-and-green-tea,MARIO BADESCU,"Facial Spray With Aloe, Cucumber And Green Tea • 118ml",40,Dryness,4.0,1,1,1,1,0
moisturiser,https://www.sephora.my/products/dior-hydra-life-fresh-hydration-sorbet-creme,DIOR,Hydra Life Fresh Hydration Sorbet Creme • 50ml,278,"Acne & Blemishes, Dullness, Firmness & Elasticity",4.5,1,1,1,1,0
moisturiser,https://www.sephora.my/products/sephora-collection-super-matte-moisturizer,SEPHORA COLLECTION,Super Matte Moisturizer • 50ml,74,"Dryness, Oiliness",4.0,1,0,0,1,0
moisturiser,https://www.sephora.my/products/laneige-white-dew-tone-up-fluid-spf-35-pa-plus-plus-moisturiser/v/50-ml,LANEIGE,White Dew Tone Up Fluid SPF 35 PA++ Moisturiser,170,"Dryness, Dullness, Pigmentation & Dark Spots, Uneven Skin Texture, Uneven Skin Tone",4.5,1,1,1,1,1
moisturiser,https://www.sephora.my/products/sk-ii-men-facial-treatment-essence/v/215ml,SK-II,MEN Facial Treatment Essence,759,"Dryness, Dullness, Oiliness, Uneven Skin Texture",4.5,1,1,1,1,0
moisturiser,https://www.sephora.my/products/biossance-squalane-plus-probiotic-gel-moisturizer,BIOSSANCE,Squalane + Probiotic Gel Moisturizer,235,"Dryness, Dullness",4.0,1,1,1,1,1
moisturiser,https://www.sephora.my/products/dr-dennis-gross-peel-glow-be-merry-skincare-kit,DR. DENNIS GROSS,Peel Glow Be Merry Skincare Kit • E.g. 50ml,455,"Dryness, Dullness, Fine Lines & Wrinkles, Firmness & Elasticity, Uneven Skin Texture, Uneven Skin Tone",0.0,1,1,1,1,0
moisturiser,https://www.sephora.my/products/saturday-skin-waterfall-glacier-water-cream/v/50ml,SATURDAY SKIN,Waterfall Glacier Water Cream • 50ml,150,"Ageing, Dryness, Uneven Skin Texture, Uneven Skin Tone",4.5,1,1,1,1,1
moisturiser,https://www.sephora.my/products/dr-dennis-gross-c-plus-collagen-deep-cream,DR. DENNIS GROSS,C + Collagen Deep Cream,311,"Ageing, Dryness, Dullness, Fine Lines & Wrinkles, Pigmentation & Dark Spots, Uneven Skin Texture",4.0,1,1,1,1,1
moisturiser,https://www.sephora.my/products/first-aid-beauty-ultra-repair-hydra-firm-sleeping-cream,FIRST AID BEAUTY,Ultra Repair Hydra-Firm Sleeping Cream,170,"Ageing, Dryness, Fine Lines & Wrinkles, Firmness & Elasticity",4.5,0,1,1,0,1
moisturiser,https://www.sephora.my/products/peter-thomas-roth-potent-c-bright-and-plump-moisturizer/v/50ml,PETER THOMAS ROTH,Potent-C Bright & Plump Moisturizer,290,"Acne & Blemishes, Ageing, Dryness, Dullness, Fine Lines & Wrinkles, Firmness & Elasticity",3.5,1,1,1,1,1
moisturiser,https://www.sephora.my/products/sulwhasoo-essential-firming-cream-ex-moisturiser,SULWHASOO,Essential Firming Cream EX Moisturiser,380,"Ageing, Dryness, Firmness & Elasticity",0.0,1,1,1,1,0
moisturiser,https://www.sephora.my/products/caudalie-vinoperfect-dark-spot-correcting-moisturizer,CAUDALIE,Vinoperfect Dark Spot Correcting Moisturizer • 50ml,219,"Dryness, Dullness, Pigmentation & Dark Spots, Uneven Skin Texture, Uneven Skin Tone",3.5,1,1,1,1,1
moisturiser,https://www.sephora.my/products/pixi-rose-flash-balm,PIXI,Rose Flash Balm,120,Oiliness,3.5,1,1,1,1,1
moisturiser,https://www.sephora.my/products/clinique-dramatically-different-oil-free-gel,CLINIQUE,Dramatically Different Oil-Free Gel,54,Dryness,4.5,1,0,1,1,1
moisturiser,https://www.sephora.my/products/pixi-hydrating-milky-mist,PIXI,Hydrating Milky Mist,70,Dryness,4.5,1,1,1,1,0
moisturiser,https://www.sephora.my/products/dior-capture-totale-cell-energy-firming-and-wrinkle-correcting-creme,DIOR,Capture Totale C.E.L.L. ENERGY Firming & Wrinkle-Correcting Crème • 50ml,415,"Ageing, Dullness, Fine Lines & Wrinkles, Firmness & Elasticity",0.0,1,1,1,1,0
moisturiser,https://www.sephora.my/products/biossance-squalane-plus-omega-repair-cream,BIOSSANCE,Squalane + Omega Repair Cream,262,"Dryness, Firmness & Elasticity",4.0,1,1,1,1,1
moisturiser,https://www.sephora.my/products/sephora-collection-firming-day-cream,SEPHORA COLLECTION,Firming Day Cream,120,"Dryness, Dullness, Fine Lines & Wrinkles, Firmness & Elasticity",3.5,1,1,1,1,1
moisturiser,https://www.sephora.my/products/estee-lauder-nutritious-micro-algae-pore-minimizing-hydra-lotion,ESTÉE LAUDER,Nutritious Micro-Algae Pore Minimizing Hydra Lotion,235,"Dryness, Dullness, Visible Pores",4.0,1,1,1,1,0
moisturiser,https://www.sephora.my/products/dr-dennis-gross-hyaluronic-marine-moisture-cushion,DR. DENNIS GROSS,Hyaluronic Marine Moisture Cushion,260,"Dullness, Firmness & Elasticity, Uneven Skin Texture",0.0,1,1,1,1,0
masks-and-treatments,https://www.sephora.my/products/fresh-rose-deep-hydration-sleeping-mask/v/70ml,FRESH,Rose Deep Hydration Sleeping Mask,235,"Dryness, Dullness",4.5,1,1,1,1,0
masks-and-treatments,https://www.sephora.my/products/dr-jart-mask-water-jet-vital-hydra-solution/v/5-sheets,DR. JART+,Dermask Vital Hydra Solution Facial Mask,100,"Dryness, Uneven Skin Texture",4.0,1,1,1,1,1
masks-and-treatments,https://www.sephora.my/products/dr-roebucks-byron-2-in-1-mask-plus-scrub,DR. ROEBUCKS,Byron 2-In-1 Mask + Scrub,118,"Dryness, Visible Pores",4.5,0,1,1,1,1
masks-and-treatments,https://www.sephora.my/products/the-inkey-list-retinol,THE INKEY LIST,Retinol,60,"Fine Lines & Wrinkles, Uneven Skin Tone",4.5,1,1,1,1,1
masks-and-treatments,https://www.sephora.my/products/sephora-collection-invisilk-mask-mono/v/green-tea,SEPHORA COLLECTION,Invisilk Mask Mono,11,"Acne & Blemishes, Oiliness",4.0,1,1,1,1,1
masks-and-treatments,https://www.sephora.my/products/sephora-collection-eye-masks/v/caffeine,SEPHORA COLLECTION,Eye Masks,12,"Dark Circles, Dryness, Dullness, Puffiness",4.5,1,1,1,1,0
masks-and-treatments,https://www.sephora.my/products/the-inkey-list-caffeine-under-eye-serum,THE INKEY LIST,Caffeine Under-Eye Serum,50,"Dark Circles, Puffiness",4.0,1,1,1,1,1
masks-and-treatments,https://www.sephora.my/products/estee-lauder-advanced-night-repair-synchronized-multi-recovery-complex-serum/v/75ml,ESTÉE LAUDER,Advanced Night Repair Synchronized Multi-Recovery Complex Serum,575,"Ageing, Dryness, Dullness, Fine Lines & Wrinkles, Firmness & Elasticity, Uneven Skin Tone",4.5,1,1,1,1,0
masks-and-treatments,https://www.sephora.my/products/purposeful-skincare-by-allies-psa-the-most-hyaluronic-super-nutrient-hydration-serum,PURPOSEFUL SKINCARE BY ALLIES (PSA),The Most Hyaluronic Super Nutrient Hydration Serum • 30ml,163,"Dryness, Dullness, Pigmentation & Dark Spots, Uneven Skin Tone",4.5,1,1,1,1,1
masks-and-treatments,https://www.sephora.my/products/mario-badescu-cucumber-tonic-mask-59ml,MARIO BADESCU,Cucumber Tonic Mask  • 59ml,95,"Oiliness, Visible Pores",4.5,1,0,0,1,1
masks-and-treatments,https://www.sephora.my/products/estee-lauder-advanced-night-repair-eye-supercharged-complex-synchronized-recovery/v/5ml,ESTÉE LAUDER,Advanced Night Repair Eye Supercharged Complex Synchronized Recovery,85,"Dark Circles, Dryness, Uneven Skin Texture",4.0,1,1,1,1,1
masks-and-treatments,https://www.sephora.my/products/sephora-collection-ultra-glow-serum,SEPHORA COLLECTION,Ultra Glow Serum • 30ml,87,"Ageing, Dryness, Dullness, Fine Lines & Wrinkles, Uneven Skin Tone",4.0,1,1,1,1,1
masks-and-treatments,https://www.sephora.my/products/origins-flower-fusion-sheet-mask/v/orange-radiance-boosting,ORIGINS,Flower Fusion™ Sheet Mask • 1pc,14,"Dryness, Dullness",4.0,1,1,1,1,1
masks-and-treatments,https://www.sephora.my/products/saturday-skin-bright-potion-probiotic-power-serum,SATURDAY SKIN,Bright Potion Probiotic Power Serum,174,"Ageing, Dullness, Fine Lines & Wrinkles, Firmness & Elasticity",4.5,1,1,1,1,0
masks-and-treatments,https://www.sephora.my/products/origins-mask-delights-skincare-set-limited-edition,ORIGINS,Mask Merry Skincare Set (Limited Edition),99,"Dryness, Dullness, Visible Pores",0.0,1,1,1,1,0
masks-and-treatments,https://www.sephora.my/products/sephora-collection-hair-sleeping-masks/v/aloe-vera-3378872142485,SEPHORA COLLECTION,Hair Sleeping Masks,21,"Dryness, Dullness",4.0,1,1,1,1,0
masks-and-treatments,https://www.sephora.my/products/fresh-vitamin-nectar-glow-juice-antioxidant-face-serum/v/3-bottles-3-x-15ml,FRESH,Vitamin Nectar Glow Juice Antioxidant Face Serum,335,"Dryness, Dullness, Uneven Skin Texture, Uneven Skin Tone",4.5,1,1,1,1,1
masks-and-treatments,https://www.sephora.my/products/dr-jart-vital-hydra-solution-biome-night-therapy-mask,DR. JART+,Vital Hydra Solution Biome Night Therapy Mask,165,"Dryness, Uneven Skin Texture, Uneven Skin Tone",4.0,1,1,1,1,1
masks-and-treatments,https://www.sephora.my/products/sephora-collection-foot-masks/v/cactus,SEPHORA COLLECTION,Foot Masks,21,Dryness,5.0,1,1,1,1,0
masks-and-treatments,https://www.sephora.my/products/mario-badescu-drying-lotion,MARIO BADESCU,Drying Lotion  • 29ml,95,Acne & Blemishes,4.0,1,1,1,1,1
masks-and-treatments,https://www.sephora.my/products/skin-inc-coenzyme-q10-serum,SKIN INC,Coenzyme Q10 Serum,185,"Ageing, Dryness",4.0,1,1,1,1,1
masks-and-treatments,https://www.sephora.my/products/origins-masking-must-haves-mask-skincare-duo-set-to-purify-and-hydrate-limited-edition,ORIGINS,Masking Must-Haves Mask Skincare Duo Set To Purify & Hydrate (Limited Edition),65,"Dryness, Dullness",0.0,1,1,1,1,0
masks-and-treatments,https://www.sephora.my/products/tarte-maracuja-c-brighter-eye-treatment/v/default,SEPHORA EXCLUSIVE TARTE,Maracuja C-Brighter™ Eye Treatment,155,"Ageing, Dark Circles, Fine Lines & Wrinkles, Firmness & Elasticity, Puffiness",4.0,1,1,1,1,0
masks-and-treatments,https://www.sephora.my/products/the-inkey-list-alpha-hydroxy-acid-serum,THE INKEY LIST,Alpha Hydroxy Acid Serum,50,"Dullness, Uneven Skin Tone, Visible Pores",4.0,1,1,1,1,1
masks-and-treatments,https://www.sephora.my/products/sephora-collection-invisilk-face-mask/v/marine-algae,SEPHORA COLLECTION,Invisilk Face Mask,12,"Dryness, Dullness",3.5,1,1,1,1,0
masks-and-treatments,https://www.sephora.my/products/kate-somerville-eradikate-mask-60ml,KATE SOMERVILLE,Eradikate Mask,250,"Acne & Blemishes, Visible Pores",4.0,1,0,1,1,0
masks-and-treatments,https://www.sephora.my/products/sephora-collection-clarifying-serum,SEPHORA COLLECTION,Clarifying Serum • 30ml,87,"Acne & Blemishes, Oiliness, Uneven Skin Texture, Visible Pores",4.5,1,1,1,1,1
masks-and-treatments,https://www.sephora.my/products/sephora-collection-clay-mask/v/grey-clay,SEPHORA COLLECTION,Clay Mask • 35ml,25,Oiliness,4.0,1,1,1,1,0
masks-and-treatments,https://www.sephora.my/products/the-inkey-list-kaolin-clay-face-mask,THE INKEY LIST,Kaolin Clay Face Mask,35,"Acne & Blemishes, Uneven Skin Tone, Visible Pores",4.0,1,1,1,1,1
masks-and-treatments,https://www.sephora.my/products/glamglow-youthpotion-rejuvenating-peptide-serum,GLAMGLOW,Youthpotion Rejuvenating Peptide Serum • 30ml,280,"Dryness, Dullness, Fine Lines & Wrinkles, Firmness & Elasticity",4.5,1,1,1,1,0
masks-and-treatments,https://www.sephora.my/products/origins-spot-remover-acne-treatment-gel,ORIGINS,Spot Remover™ Acne Treatment Gel • 10ml,88,Acne & Blemishes,4.0,1,1,1,1,1
masks-and-treatments,https://www.sephora.my/products/sand-and-sky-australian-pink-clay-porefining-face-mask,SAND & SKY,Australian Pink Clay - Porefining Face Mask • 60g,195,"Acne & Blemishes, Dullness, Pigmentation & Dark Spots, Visible Pores",4.5,1,1,1,1,1
masks-and-treatments,https://www.sephora.my/products/sephora-collection-hero-mask-the-freezing-mask,SEPHORA COLLECTION,Hero Mask - The Freezing Mask,22,"Dryness, Dullness, Uneven Skin Texture",4.5,1,1,1,1,1
masks-and-treatments,https://www.sephora.my/products/origins-ginzing-refreshing-eye-cream-to-brighten-and-de-puff/v/ginzing-refreshing-eye-cream-to-brighten-and-de-puff,ORIGINS,GinZing™ Refreshing Eye Cream to Brighten and De-puff,125,"Dark Circles, Dullness, Puffiness",4.0,1,1,1,1,0
masks-and-treatments,https://www.sephora.my/products/origins-clear-improvement-r-active-charcoal-mask-to-clear-pores/v/75ml,ORIGINS,Clear Improvement® Active Charcoal Mask To Clear Pores,106,"Dullness, Oiliness, Uneven Skin Texture, Visible Pores",4.5,1,0,1,1,0
masks-and-treatments,https://www.sephora.my/products/drunk-elephant-c-firma-day-serum,SEPHORA EXCLUSIVE DRUNK ELEPHANT,C-Firma™ Day Serum,345,"Ageing, Dullness, Fine Lines & Wrinkles, Pigmentation & Dark Spots",3.5,1,1,1,1,1
masks-and-treatments,https://www.sephora.my/products/sephora-collection-overnight-glow-mask,SEPHORA COLLECTION,Overnight Glow Mask • 50ml,75,"Dryness, Dullness",4.5,1,1,1,1,1
masks-and-treatments,https://www.sephora.my/products/sephora-collection-rubber-mask/v/goji,SEPHORA COLLECTION,Rubber Mask • 10g,25,Dullness,3.0,1,1,1,1,1
masks-and-treatments,https://www.sephora.my/products/dr-jart-dermask-soothing-hydra-solution-facial-mask/v/5-sheets,DR. JART+,Dermask Soothing Hydra Solution Facial Mask,100,"Dryness, Uneven Skin Texture",4.0,1,1,1,1,1
masks-and-treatments,https://www.sephora.my/products/drunk-elephant-b-hydra-intensive-hydration-serum,SEPHORA EXCLUSIVE DRUNK ELEPHANT,B-Hydra™ Intensive Hydration Serum,207,"Dryness, Dullness, Fine Lines & Wrinkles, Uneven Skin Texture",4.5,1,1,1,1,1
masks-and-treatments,https://www.sephora.my/products/cover-fx-super-power-antioxidant-booster-drops,SEPHORA EXCLUSIVE COVER FX,Super Power Antioxidant Booster Drops,200,"Dryness, Dullness, Uneven Skin Texture, Uneven Skin Tone",4.5,1,1,1,1,1
masks-and-treatments,https://www.sephora.my/products/dr-jart-porecting-solution-bubbling-charcoal-sheet-mask/v/5-sheets,DR. JART+,Dermask Porecting Solution Facial Mask,100,Visible Pores,4.0,1,1,1,1,1
masks-and-treatments,https://www.sephora.my/products/caudalie-vinopure-blemish-control-infusion-serum,CAUDALIE,Vinopure Blemish Control Infusion Serum • 30ml,175,"Acne & Blemishes, Blackheads, Dryness, Dullness, Uneven Skin Tone",4.5,1,1,1,1,1
masks-and-treatments,https://www.sephora.my/products/sephora-collection-wild-wishes-golden-eye-masks-limited-edition,SEPHORA COLLECTION,Wild Wishes Golden Eye Masks (Limited Edition),19,"Dryness, Dullness",0.0,1,1,1,1,0
masks-and-treatments,https://www.sephora.my/products/sephora-collection-hand-masks/v/cucumber,SEPHORA COLLECTION,Hand Masks,21,"Dryness, Dullness",5.0,1,1,1,1,0
masks-and-treatments,https://www.sephora.my/products/mario-badescu-herbal-hydrating-serum,MARIO BADESCU,Herbal Hydrating Serum,160,Dryness,4.5,1,1,1,1,1
masks-and-treatments,https://www.sephora.my/products/kate-somerville-kx-concentrate-bio-mimicking-peptides-serum,KATE SOMERVILLE,Kx Concentrate Bio-Mimicking Peptides Serum,445,"Ageing, Fine Lines & Wrinkles, Firmness & Elasticity",4.5,1,1,1,1,0
masks-and-treatments,https://www.sephora.my/products/sephora-collection-face-serum/v/lychee,SEPHORA COLLECTION,Face Serum • 30ml,55,"Dryness, Dullness",4.0,1,1,1,1,0
masks-and-treatments,https://www.sephora.my/products/estee-lauder-micro-essence-skin-activating-treatment-lotion/v/200ml,ESTÉE LAUDER,Micro Essence Skin Activating Treatment Lotion,415,"Ageing, Dullness",4.5,1,1,1,1,0
masks-and-treatments,https://www.sephora.my/products/sephora-collection-wild-wishes-tropical-skincare-set-limited-edition,SEPHORA COLLECTION,Wild Wishes Tropical Skincare Set (Limited Edition),95,"Dryness, Dullness",0.0,1,1,1,1,1
masks-and-treatments,https://www.sephora.my/products/this-works-morning-expert-vitamin-c-power-mask,THIS WORKS,Morning Expert Vitamin C Power Mask,220,"Ageing, Dullness, Pigmentation & Dark Spots, Uneven Skin Tone",4.0,1,1,1,1,1
masks-and-treatments,https://www.sephora.my/products/origins-original-skin-retexturizing-mask-with-rose-clay-100ml/v/75ml,ORIGINS,Original Skin™ Retexturizing Mask with Rose Clay,106,"Dullness, Uneven Skin Texture, Visible Pores",4.5,1,1,1,1,1
masks-and-treatments,https://www.sephora.my/products/dr-dennis-gross-alpha-beta-r-universal-daily-peel/v/default,DR. DENNIS GROSS,Alpha Beta® Universal Daily Peel,380,"Acne & Blemishes, Ageing, Dryness, Dullness, Fine Lines & Wrinkles, Uneven Skin Texture, Uneven Skin Tone, Visible Pores",4.5,1,1,1,1,1
masks-and-treatments,https://www.sephora.my/products/dr-jart-vital-hydra-solution-biome-eye-cream,DR. JART+,Vital Hydra Solution Biome Eye Cream • 20ml,210,"Dark Circles, Dryness, Dullness, Fine Lines & Wrinkles, Firmness & Elasticity, Uneven Skin Texture",3.5,1,1,1,1,1
masks-and-treatments,https://www.sephora.my/products/clinique-even-better-clinical-radical-dark-spot-corrector-plus-interrupter/v/30ml,CLINIQUE,Even Better Clinical Radical Dark Spot Corrector + Interrupter,272,Pigmentation & Dark Spots,4.0,1,1,1,1,0
masks-and-treatments,https://www.sephora.my/products/dr-dennis-gross-alpha-beta-r-extra-strength-daily-peel/v/default,DR. DENNIS GROSS,Alpha Beta® Extra Strength Daily Peel,380,"Acne & Blemishes, Ageing, Dryness, Dullness, Fine Lines & Wrinkles, Uneven Skin Texture, Uneven Skin Tone, Visible Pores",4.5,1,1,1,1,0
masks-and-treatments,https://www.sephora.my/products/sephora-collection-hero-mask-the-bubble-mask,SEPHORA COLLECTION,Hero Mask - The Bubble Mask,22,"Dryness, Dullness",4.5,1,1,1,1,1
masks-and-treatments,https://www.sephora.my/products/estee-lauder-advanced-night-repair-intense-reset-concentrate,ESTÉE LAUDER,Advanced Night Repair Intense Reset Concentrate,80,"Dryness, Uneven Skin Texture, Visible Pores",4.5,1,1,1,1,0
masks-and-treatments,https://www.sephora.my/products/sephora-collection-cleanse-plus-glow-duo-set-limited-edition,SEPHORA COLLECTION,Cleanse + Glow Duo Set (Limited Edition),95,"Dryness, Dullness",0.0,1,1,1,1,0
masks-and-treatments,https://www.sephora.my/products/for-beloved-one-flawless-brightening-ethyl-ascorbic-acid-essence,FOR BELOVED ONE,Flawless Brightening Ethyl Ascorbic Acid Essence,200,"Dullness, Firmness & Elasticity, Pigmentation & Dark Spots, Uneven Skin Tone",3.0,1,1,1,1,1
masks-and-treatments,https://www.sephora.my/products/for-beloved-one-melasleep-brightening-lumis-key-essence,FOR BELOVED ONE,Melasleep Brightening Lumi's Key Essence,200,"Acne & Blemishes, Dullness, Pigmentation & Dark Spots, Uneven Skin Texture, Uneven Skin Tone",3.5,1,1,1,1,1
masks-and-treatments,https://www.sephora.my/products/estee-lauder-advanced-night-repair-synchronized-multi-recovery-skincare-complex-in-gold-bottle-limited-edition,ESTÉE LAUDER,Advanced Night Repair Synchronized Multi-Recovery Skincare Complex In Gold Bottle (Limited Edition) • 50ml,450,"Dryness, Dullness",0.0,1,1,1,1,0
masks-and-treatments,https://www.sephora.my/products/drunk-elephant-tlc-framboos-glycolic-night-serum/v/50ml,SEPHORA EXCLUSIVE DRUNK ELEPHANT,T.L.C. Framboos™ Glycolic Night Serum,578,"Dryness, Dullness, Fine Lines & Wrinkles, Firmness & Elasticity, Oiliness, Uneven Skin Tone, Visible Pores",4.5,1,1,1,1,1
masks-and-treatments,https://www.sephora.my/products/drunk-elephant-c-tango-multivitamin-eye-cream,SEPHORA EXCLUSIVE DRUNK ELEPHANT,C-Tango™ Multivitamin Eye Cream,276,"Dark Circles, Dullness, Firmness & Elasticity",4.0,1,1,1,1,1
masks-and-treatments,https://www.sephora.my/products/sunday-riley-ceo-glow-vitamin-c-plus-turmeric-face-oil/v/35ml,SUNDAY RILEY,C.E.O. Glow Vitamin C + Turmeric Face Oil,357,"Ageing, Dryness, Dullness, Pigmentation & Dark Spots, Uneven Skin Texture, Uneven Skin Tone",4.0,1,1,1,1,1
masks-and-treatments,https://www.sephora.my/products/fresh-rose-deep-hydration-oil-infused-serum,FRESH,Rose Deep Hydration Oil-Infused Serum • 100ml,270,"Dryness, Dullness",4.5,1,1,1,1,1
masks-and-treatments,https://www.sephora.my/products/saturday-skin-wide-awake-brightening-eye-cream/v/default,SATURDAY SKIN,Wide Awake Brightening Eye Cream,180,"Dryness, Firmness & Elasticity",4.5,1,1,1,1,0
masks-and-treatments,https://www.sephora.my/products/kate-somerville-kx-concentrate-ceramides-plus-omega-serum,KATE SOMERVILLE,Kx Concentrate Ceramides + Omega Serum,445,Dryness,4.5,1,1,1,1,1
masks-and-treatments,https://www.sephora.my/products/origins-mattifying-marvels-original-skin-trio-to-mask-prime-and-hydrate-limited-edition,ORIGINS,"Mattifying Marvels Original Skin™ Trio To Mask, Prime & Hydrate (Limited Edition)",160,"Dryness, Uneven Skin Texture, Visible Pores",0.0,1,1,1,1,0
masks-and-treatments,https://www.sephora.my/products/alpha-h-liquid-gold/v/100ml,ALPHA-H,Liquid Gold • 100ml,181,"Ageing, Fine Lines & Wrinkles, Pigmentation & Dark Spots",4.5,1,1,1,1,0
masks-and-treatments,https://www.sephora.my/products/kora-organics-by-miranda-kerr-noni-glow-face-oil/v/30ml,KORA ORGANICS BY MIRANDA KERR,Noni Glow Face Oil,258,"Dryness, Dullness, Oiliness",4.5,1,1,1,1,1
masks-and-treatments,https://www.sephora.my/products/mario-badescu-silver-powder,MARIO BADESCU,Silver Powder • 16g,70,"Acne & Blemishes, Blackheads, Oiliness, Visible Pores",4.0,1,0,0,1,0
masks-and-treatments,https://www.sephora.my/products/sk-ii-genoptics-spot-essence/v/30ml,SK-II,Genoptics Spot Essence,486,"Dullness, Pigmentation & Dark Spots, Uneven Skin Texture, Uneven Skin Tone",4.5,1,1,1,1,0
masks-and-treatments,https://www.sephora.my/products/pixi-fortifeye-eye-patches,PIXI,Fortifeye Eye Patches • 30 Pairs,120,"Dryness, Dullness, Firmness & Elasticity, Uneven Skin Texture",4.0,1,1,1,1,0
masks-and-treatments,https://www.sephora.my/products/lancome-advanced-genifique/v/75ml,LANCOME,Advanced Génifique Youth Activating Concentrate Serum,533,"Ageing, Dullness, Fine Lines & Wrinkles, Firmness & Elasticity, Uneven Skin Texture, Uneven Skin Tone",4.5,1,1,1,1,1
masks-and-treatments,https://www.sephora.my/products/fresh-vitamin-nectar-vibrancy-boosting-face-mask-100-ml/v/30ml,FRESH,Vitamin Nectar Vibrancy-Boosting Face Mask,107,"Dullness, Uneven Skin Texture, Uneven Skin Tone",4.0,1,1,1,1,1
masks-and-treatments,https://www.sephora.my/products/too-faced-hangover-good-in-bed-ultra-hydrating-replenishing-serum,SEPHORA EXCLUSIVE TOO FACED,Hangover Good in Bed Ultra- Hydrating Replenishing Serum,189,"Dryness, Dullness",3.5,1,1,1,1,0
masks-and-treatments,https://www.sephora.my/products/glow-recipe-pick-your-pop-lip-duo-limited-edition,GLOW RECIPE,Pick Your Pop Lip Duo (Limited Edition),130,Dryness,4.0,1,1,1,1,1
masks-and-treatments,https://www.sephora.my/products/pixi-beautifeye-brightening-eye-patches,PIXI,BeautifEYE Brightening Eye Patches • 30 Pairs,120,"Ageing, Dark Circles, Dullness, Pigmentation & Dark Spots",3.5,1,1,1,1,1
masks-and-treatments,https://www.sephora.my/products/sephora-collection-blackhead-peel-off-mask,SEPHORA COLLECTION,Blackhead Peel-Off Mask • 50ml,75,Uneven Skin Texture,3.0,1,1,1,1,0
masks-and-treatments,https://www.sephora.my/products/fresh-mask-on-the-go-trio-skincare-set,FRESH,Mask-On-The-Go Trio Skincare Set • 3 x 15ml,128,"Dryness, Dullness, Uneven Skin Texture",4.0,1,1,1,1,1
masks-and-treatments,https://www.sephora.my/products/fresh-sugar-on-the-go-lip-kit,FRESH,Sugar On the Go Lip Kit,110,Dryness,4.5,1,1,1,1,0
masks-and-treatments,https://www.sephora.my/products/sunday-riley-good-genes-all-in-one-lactic-acid-treatment/v/50ml-192689,SUNDAY RILEY,Good Genes All-in-One Lactic Acid Treatment,560,"Ageing, Dullness, Fine Lines & Wrinkles, Pigmentation & Dark Spots, Uneven Skin Texture, Uneven Skin Tone",4.0,1,1,1,1,1
masks-and-treatments,https://www.sephora.my/products/biossance-squalane-plus-vitamin-c-rose-oil,BIOSSANCE,Squalane + Vitamin C Rose Oil,327,"Dryness, Dullness, Firmness & Elasticity, Uneven Skin Texture, Uneven Skin Tone",4.5,1,1,1,1,0
masks-and-treatments,https://www.sephora.my/products/cover-fx-brightening-booster-drops,SEPHORA EXCLUSIVE COVER FX,Brightening Booster Drops,200,"Dryness, Dullness, Uneven Skin Texture, Uneven Skin Tone",4.0,1,1,1,1,0
masks-and-treatments,https://www.sephora.my/products/dr-dot-jart-plus-v7-brightening-mask,DR. JART+,V7 Brightening Mask • 5pcs,100,"Dryness, Dullness, Uneven Skin Texture, Uneven Skin Tone",4.0,1,1,1,1,1
masks-and-treatments,https://www.sephora.my/products/fresh-mini-loves-mask-set,FRESH,Mini Loves Mask Set,256,"Dryness, Dullness, Oiliness, Uneven Skin Texture, Visible Pores",4.5,1,1,1,1,1
masks-and-treatments,https://www.sephora.my/products/sephora-collection-wild-wishes-rose-gold-face-mask-limited-edition,SEPHORA COLLECTION,Wild Wishes Rose Gold Face Mask (Limited Edition),24,Dryness,0.0,1,1,1,1,1
masks-and-treatments,https://www.sephora.my/products/sephora-collection-purifying-mud-mask,SEPHORA COLLECTION,Purifying Mud Mask • 50ml,72,"Dryness, Oiliness, Visible Pores",4.5,1,1,1,1,0
masks-and-treatments,https://www.sephora.my/products/origins-original-skin-essence-lotion-with-dual-ferment-complex,ORIGINS,Original Skin™ Essence Lotion with Dual Ferment Complex • 150ml,145,"Dryness, Dullness, Uneven Skin Texture, Visible Pores",4.5,1,1,1,1,0
suncare,https://www.sephora.my/products/supergoop-unseen-sunscreen-broad-spectrum-sunscreen-spf-40-pa-plus-plus-plus/v/50ml,SUPERGOOP!,Unseen Sunscreen Broad Spectrum Sunscreen SPF 40 PA+++,155,Oiliness,4.5,1,1,1,1,0
suncare,https://www.sephora.my/products/supergoop-play-everyday-lotion-with-sunflower-extract-broad-spectrum-sunscreen-spf-50-pa-plus-plus-plus-plus/v/532ml,SUPERGOOP!,PLAY Everyday Lotion With Sunflower Extract Broad Spectrum Sunscreen SPF 50 PA++++,260,"Ageing, Dryness",4.0,1,1,1,1,0
suncare,https://www.sephora.my/products/supergoop-matte-screen-100-percent-mineral-broad-spectrum-sunscreen-spf-40/v/45ml,SUPERGOOP!,Matte Screen 100% Mineral Broad Spectrum Sunscreen SPF 40,185,"Fine Lines & Wrinkles, Uneven Skin Texture, Visible Pores",4.0,1,1,1,1,0
suncare,https://www.sephora.my/products/supergoop-glowscreen-broad-spectrum-sunscreen-primer-spf-40-pa-plus-plus-plus/v/50ml,SUPERGOOP!,Glowscreen Broad Spectrum Sunscreen Primer SPF 40 PA+++,160,Dryness,4.0,1,1,1,1,0
suncare,https://www.sephora.my/products/supergoop-cc-screen-100-percent-mineral-cc-cream-broad-spectrum-sunscreen-spf-50-pa-plus-plus-plus/v/100c-fair-with-cool-undertones,SUPERGOOP!,CC Screen 100% Mineral CC Cream Broad Spectrum Sunscreen SPF 50 PA+++ • 47 ml,170,"Dryness, Dullness, Uneven Skin Texture, Uneven Skin Tone",0.0,1,1,1,1,0
suncare,https://www.sephora.my/products/sk-ii-atmosphere-cc-cream-spf-50-pa-plus-plus-plus-plus,SK-II,Atmosphere CC Cream SPF 50 PA++++,291,"Dullness, Pigmentation & Dark Spots, Uneven Skin Texture, Visible Pores",0.0,1,1,1,1,1
suncare,https://www.sephora.my/products/clinique-even-better-dark-spot-defense-spf-50-slash-pa-plus-plus-plus-plus,CLINIQUE,Even Better Dark Spot Defense SPF 50/PA++++,168,"Dryness, Dullness, Pigmentation & Dark Spots",4.5,1,1,1,1,0
suncare,https://www.sephora.my/products/dior-diorsnow-ultimate-uv-shield-skin-breathable-brightening-emulsion-spf50-plus-pa-plus-plus-plus-plus,DIOR,Diorsnow Ultimate UV Shield Skin-Breathable Brightening Emulsion SPF50+ PA++++,226,"Ageing, Pigmentation & Dark Spots",5.0,1,1,1,1,0
suncare,https://www.sephora.my/products/drunk-elephant-umbra-sheer-physical-daily-defense-spf-30,SEPHORA EXCLUSIVE DRUNK ELEPHANT,Umbra™ Sheer Physical Daily Defense Broad Spectrum Sunscreen SPF 30,148,"Ageing, Fine Lines & Wrinkles, Pigmentation & Dark Spots",3.5,1,1,1,1,1
suncare,https://www.sephora.my/products/sulwhasoo-uv-wise-brightening-multi-protector/v/creamy-glow,SULWHASOO,UV Wise Brightening Multi Protector,199,"Dryness, Dullness, Uneven Skin Tone",4.5,1,1,1,1,0
suncare,https://www.sephora.my/products/alpha-h-daily-essential-moisturiser-spf-30-plus/v/30ml,ALPHA-H,Daily Essential Moisturiser SPF 50+ • 50ml,97,"Ageing, Dryness, Pigmentation & Dark Spots",4.0,1,1,1,1,1
suncare,https://www.sephora.my/products/supergoop-ready-dot-set-dot-play-skincare-kit-limited-edition,SUPERGOOP!,Ready.Set.Play! - Skincare Kit (Limited Edition),210,"Dryness, Dullness, Firmness & Elasticity",0.0,1,1,1,1,0
suncare,https://www.sephora.my/products/soleil-toujours-organic-sheer-sunscreen-mist-spf-50,SOLEIL TOUJOURS,Organic Sheer Sunscreen Mist SPF 50,159,Dullness,0.0,1,1,1,1,0
suncare,https://www.sephora.my/products/dear-dahlia-skin-paradise-tone-up-sun-cushion,SEPHORA EXCLUSIVE DEAR DAHLIA,Skin Paradise Tone-Up Sun Cushion,174,"Ageing, Dullness, Pigmentation & Dark Spots, Uneven Skin Tone",4.5,1,1,1,1,1
suncare,https://www.sephora.my/products/caudalie-anti-wrinkle-face-suncare,CAUDALIE,Anti-Wrinkle Face Suncare,109,"Dryness, Fine Lines & Wrinkles",3.0,1,1,1,1,1
suncare,https://www.sephora.my/products/estee-lauder-perfectionist-pro-multi-defense-uv-fluid-spf-45-slash-pa-plus-plus-plus-plus,ESTÉE LAUDER,Perfectionist Pro Multi-Defense UV Fluid SPF 45/PA++++,190,Dryness,4.0,1,1,1,1,0
suncare,https://www.sephora.my/products/first-aid-beauty-5-in-1-face-cream-with-spf-30,FIRST AID BEAUTY,5 In 1 Face Cream With Spf 30,197,"Ageing, Dryness, Dullness",4.0,1,0,1,1,1
suncare,https://www.sephora.my/products/soleil-toujours-organic-aloe-antioxidant-calming-mist,SOLEIL TOUJOURS,Organic Aloe Antioxidant Calming Mist,110,"Dryness, Firmness & Elasticity",2.0,1,1,1,1,0
suncare,https://www.sephora.my/products/guerlain-abeille-royale-skin-defense,GUERLAIN,Abeille Royale Skin Defense • 30ML,344,"Acne & Blemishes, Dryness, Uneven Skin Tone",0.0,1,1,1,0,0
suncare,https://www.sephora.my/products/soleil-toujours-100-percent-mineral-sunscreen-glow-spf-30,SOLEIL TOUJOURS,100% Mineral Sunscreen Glow SPF 30,167,Dryness,4.0,1,1,1,1,0
suncare,https://www.sephora.my/products/soleil-toujours-100-percent-mineral-sunscreen-spf-30/v/94-5ml,SOLEIL TOUJOURS,100% Mineral Sunscreen SPF 30 • 35.5ml,167,Dryness,3.0,1,1,1,1,0
suncare,https://www.sephora.my/products/supergoop-100-percent-mineral-sunscreen-stick-spf-50,SUPERGOOP!,100% Mineral Sunscreen Stick SPF 50 • 18.9g,105,Dryness,4.0,1,1,1,1,1
suncare,https://www.sephora.my/products/supergoop-glow-stick-sunscreen-spf-50-pa-plus-plus-plus-plus,SUPERGOOP!,Glow Stick Sunscreen SPF 50 PA++++,115,"Ageing, Pigmentation & Dark Spots",4.0,1,1,1,1,0
suncare,https://www.sephora.my/products/soleil-toujours-hydra-volume-lip-masque-spf-15/v/cloud-nine,SOLEIL TOUJOURS,Hydra Volume Lip Masque SPF 15 • 10ml,81,"Ageing, Dryness, Dullness",4.0,1,1,1,1,0
suncare,https://www.sephora.my/products/soleil-toujours-after-sun-rescue-plus-repair-brightening-serum,SOLEIL TOUJOURS,After Sun Rescue + Repair Brightening Serum,401,"Ageing, Dryness, Dullness, Uneven Skin Tone",3.0,1,1,1,1,0
suncare,https://www.sephora.my/products/dear-dahlia-skin-paradise-pure-moisture-sun-lotion,SEPHORA EXCLUSIVE DEAR DAHLIA,Skin Paradise Pure Moisture Sun Lotion,137,"Ageing, Pigmentation & Dark Spots",4.5,1,1,1,1,1
suncare,https://www.sephora.my/products/hera-sun-mate-excellence-rosy-glow-spf-50-plus-slash-pa-plus-plus-plus-plus-face-sunscreen,HERA,Sun Mate Excellence Rosy Glow SPF 50+ / PA++++ Face Sunscreen • 40ml,180,"Ageing, Dullness, Pigmentation & Dark Spots",5.0,1,1,1,1,1
suncare,https://www.sephora.my/products/everyday-humans-resting-beach-face-spf30-sunscreen-serum,EVERYDAY HUMANS,Resting Beach Face SPF30 Sunscreen Serum,118,"Dryness, Dullness, Firmness & Elasticity",3.0,1,1,1,1,0
suncare,https://www.sephora.my/products/estee-lauder-perfectionist-pro-multi-defense-aqua-uv-gel-spf-50-slash-pa-plus-plus-plus-plus,ESTÉE LAUDER,Perfectionist Pro Multi-Defense Aqua UV Gel SPF 50/PA++++,190,Dryness,3.5,1,1,1,1,0
suncare,https://www.sephora.my/products/this-works-in-transit-skin-defence-spf30,THIS WORKS,In Transit Skin Defence SPF30,160,"Ageing, Dryness, Dullness",4.0,1,1,1,1,1
suncare,https://www.sephora.my/products/soleil-toujours-organic-sheer-sunscreen-mist-spf-30/v/88ml,SOLEIL TOUJOURS,Organic Sheer Sunscreen Mist SPF 30,93,Dryness,4.0,1,1,1,1,0
suncare,https://www.sephora.my/products/dear-dahlia-skin-paradise-tone-up-sun-cushion-refill,SEPHORA EXCLUSIVE DEAR DAHLIA,Skin Paradise Tone-Up Sun Cushion Refill,109,"Ageing, Dullness, Pigmentation & Dark Spots, Uneven Skin Tone",0.0,1,1,1,1,1
suncare,https://www.sephora.my/products/everyday-humans-rose-sil-vous-plait-spf30-gentle-mineral-sunscreen,EVERYDAY HUMANS,Rosé S'Il Vous Plait SPF30 Gentle Mineral Sunscreen • 43ml,118,"Acne & Blemishes, Dryness, Dullness",1.0,1,1,1,1,1
suncare,https://www.sephora.my/products/supergoop-bright-eyed-100-percent-mineral-eye-cream-spf-40-pa-plus-plus-plus,SUPERGOOP!,Bright-Eyed 100% Mineral Eye Cream SPF 40 PA+++ • 15ml,160,"Ageing, Dark Circles, Dullness, Pigmentation & Dark Spots",4.0,1,1,1,1,1
suncare,https://www.sephora.my/products/everyday-humans-oh-my-bod-spf50-body-sunscreen,EVERYDAY HUMANS,Oh My Bod! SPF50 Body Sunscreen,85,"Blackheads, Dryness, Dullness",0.0,1,1,1,1,0
suncare,https://www.sephora.my/products/dr-dennis-gross-alpha-beta-r-intense-glow-pad-self-tanner-for-face,DR. DENNIS GROSS,Alpha Beta® Intense Glow Pad Self-Tanner for Face,165,Ageing,4.0,1,1,1,1,0
suncare,https://www.sephora.my/products/supergoop-zincscreen-100-percent-mineral-lotion-spf-40-pa-plus-plus-plus,SUPERGOOP!,Zincscreen 100% Mineral Lotion SPF 40 PA+++ • 50ml,190,Dryness,4.0,1,1,1,1,1
suncare,https://www.sephora.my/products/hera-sun-mate-protector-spf-50-plus-slash-pa-plus-plus-plus-plus-face-sunscreen,HERA,Sun Mate Protector SPF 50+ / PA++++ Face Sunscreen • 50ml,155,"Ageing, Pigmentation & Dark Spots",3.5,1,1,1,1,1
suncare,https://www.sephora.my/products/supergoop-lipscreen-spf-40,SUPERGOOP!,Lipscreen SPF 40 • 10ml,105,Dryness,0.0,1,1,1,1,0
suncare,https://www.sephora.my/products/ouai-after-sun-body-soother-limited-edition,OUAI,After Sun Body Soother (Limited Edition) • 190g,119,"Acne & Blemishes, Dryness, Uneven Skin Texture",4.0,1,1,1,0,0
suncare,https://www.sephora.my/products/sephora-collection-illuminating-bronzing-oil-125ml,SEPHORA COLLECTION,Illuminating Bronzing Oil 125ml,44,Dryness,4.0,1,1,1,1,0
suncare,https://www.sephora.my/products/skin-inc-serum-uv-moisturizer-spf-50-plus-pa-plus-plus-plus,SKIN INC,Serum UV Moisturizer SPF 50+ PA+++ • 35ml,235,"Ageing, Pigmentation & Dark Spots",0.0,1,1,1,1,1
suncare,https://www.sephora.my/products/la-mer-the-spf-50-uv-protecting-fluid,LA MER,The SPF 50 UV Protecting Fluid • 50ml,410,"Dryness, Dullness",5.0,1,1,1,1,0
suncare,https://www.sephora.my/products/3ce-white-milk-cushion,3CE,White Milk Cushion,125,Dryness,3.5,1,1,1,1,0
suncare,https://www.sephora.my/products/supergoop-play-100-percent-mineral-lotion-spf-50/v/100ml,SUPERGOOP!,PLAY 100% Mineral Lotion With Green Algae Broad Spectrum Sunscreen SPF 50,155,Dryness,3.0,1,1,1,1,0
suncare,https://www.sephora.my/products/lab-series-power-protector-sunscreen-spf-50,LAB SERIES,Power Protector Sunscreen SPF 50,255,"Dullness, Pigmentation & Dark Spots, Uneven Skin Tone",0.0,1,1,1,1,1
suncare,https://www.sephora.my/products/philosophy-ultimate-miracle-worker-eye-multi-rejuvenating-eye-cream-broad-spectrum-spf-15ml,PHILOSOPHY,Ultimate Miracle Worker Eye Multi Rejuvenating Eye Cream Broad Spectrum SPF • 15ml,223,"Ageing, Dullness, Fine Lines & Wrinkles, Firmness & Elasticity, Pigmentation & Dark Spots, Uneven Skin Texture, Uneven Skin Tone, Visible Pores",3.0,1,1,1,1,0
suncare,https://www.sephora.my/products/sk-ii-atmosphere-airy-light-uv-cream-spf-50-plus-pa-plus-plus-plus-plus,SK-II,Atmosphere Airy Light UV Cream SPF 50+ PA++++,291,"Dullness, Pigmentation & Dark Spots, Uneven Skin Tone",0.0,1,1,1,1,1
suncare,https://www.sephora.my/products/arcona-the-solution,ARCONA,The Solution,188,"Acne & Blemishes, Ageing, Dryness, Fine Lines & Wrinkles, Visible Pores",4.0,1,0,0,1,0
suncare,https://www.sephora.my/products/hera-sun-mate-leports-pro-waterproof-spf-50-plus-slash-pa-plus-plus-plus-plus-face-sunscreen,HERA,Sun Mate Leports Pro Waterproof SPF 50+ / PA++++ Face Sunscreen • 70ml,142,"Ageing, Pigmentation & Dark Spots",2.5,1,1,1,1,1
suncare,https://www.sephora.my/products/fresh-peony-brightening-uv-shield-sunscreen-spf-50-plus,FRESH,Peony Brightening UV Shield Sunscreen SPF 50+,242,"Dryness, Pigmentation & Dark Spots",3.5,1,1,1,1,1
suncare,https://www.sephora.my/products/clinique-even-better-city-block-brightening-aqua-gel-plus-anti-pollution-primer-spf-45-slash-pa-plus-plus-plus,CLINIQUE,Even Better City Block Brightening Aqua Gel + Anti-Pollution Primer SPF 45/PA+++ • 30ml,170,"Pigmentation & Dark Spots, Uneven Skin Tone",4.5,1,1,1,1,0
suncare,https://www.sephora.my/products/philosophy-brighten-my-day-skin-protecting-uv-plus-shield,PHILOSOPHY,Brighten My Day Skin Protecting UV+ Shield • 40ml,209,"Dryness, Dullness",4.5,1,1,1,1,0
suncare,https://www.sephora.my/products/soleil-toujours-organic-set-plus-protect-micro-mist-spf-30,SOLEIL TOUJOURS,Organic Set + Protect Micro Mist SPF 30 • 60ml,159,Dryness,3.5,1,1,1,1,0
suncare,https://www.sephora.my/products/philosophy-ultimate-miracle-worker-multi-rejuvenating-cream-broad-spectrum-spf-25-60ml,PHILOSOPHY,Ultimate Miracle Worker Multi Rejuvenating Cream Broad Spectrum SPF 25  • 60ml,278,"Ageing, Dryness, Dullness, Fine Lines & Wrinkles, Firmness & Elasticity, Pigmentation & Dark Spots, Uneven Skin Texture, Uneven Skin Tone",3.5,1,1,1,0,0
suncare,https://www.sephora.my/products/soleil-toujours-perpetual-radiance-r-eye-glow-r-plus-illuminator-spf-15,SOLEIL TOUJOURS,Perpetual Radiance® Eye Glow® + Illuminator SPF 15,283,"Ageing, Dryness, Dullness",5.0,1,1,1,1,0
suncare,https://www.sephora.my/products/skin-inc-pure-uv-protect,SKIN INC,Pure UV Protect⁺ Face Cream,200,"Ageing, Dryness",4.0,1,1,1,1,1
suncare,https://www.sephora.my/products/sephora-collection-bright-future-skin-tint-spf-25/v/20-cream,SEPHORA COLLECTION,Bright Future Skin Tint SPF 25 • 25ml,68,"Dryness, Dullness, Uneven Skin Texture, Uneven Skin Tone",4.0,1,1,1,1,1
